date,close,volume,open,high,low
11/20/2024,$240.78,"9,015,290",$244.40,$244.61,$238.64
11/19/2024,$243.09,"6,792,660",$242.25,$245.1509,$241.55
11/18/2024,$245.03,"9,052,575",$247.76,$247.93,$242.68
11/15/2024,$245.31,"11,518,840",$241.46,$246.42,$241.46
11/14/2024,$241.87,"10,172,200",$242.415,$244.29,$241.05
11/13/2024,$241.16,"11,472,560",$240.58,$244.09,$240.31
11/12/2024,$239.56,"6,860,956",$240.55,$241.46,$238.76
11/11/2024,$239.29,"9,017,079",$240.00,$242.10,$239.00
11/08/2024,$236.98,"9,502,100",$239.34,$239.34,$235.78
11/07/2024,$236.38,"16,451,070",$244.50,$244.57,$235.22
11/06/2024,$247.06,"23,987,750",$235.00,$248.00,$234.77
11/05/2024,$221.49,"5,600,686",$220.03,$221.96,$220.00
11/04/2024,$219.78,"8,229,588",$222.65,$223.76,$219.17
11/01/2024,$222.94,"6,923,452",$223.56,$226.15,$222.70
10/31/2024,$221.92,"7,829,932",$224.70,$225.69,$221.82
10/30/2024,$224.41,"7,110,941",$222.54,$226.31,$221.58
10/29/2024,$222.90,"6,580,004",$225.21,$226.75,$222.81
10/28/2024,$225.50,"6,842,956",$223.35,$225.64,$222.95
10/25/2024,$222.31,"6,369,720",$225.00,$225.62,$220.875
10/24/2024,$224.98,"6,002,202",$221.83,$225.06,$221.66
10/23/2024,$223.41,"6,180,528",$223.66,$224.7999,$222.53
10/22/2024,$224.12,"9,586,793",$223.02,$225.28,$221.10
10/21/2024,$223.00,"5,869,959",$225.22,$225.70,$222.90
10/18/2024,$225.37,"7,000,543",$225.00,$225.92,$223.10
10/17/2024,$224.42,"6,470,186",$224.27,$225.85,$223.31
10/16/2024,$223.64,"6,382,515",$222.33,$223.68,$221.04
10/15/2024,$222.39,"9,235,825",$223.66,$225.45,$221.82
10/14/2024,$221.48,"9,048,925",$223.20,$223.70,$218.88
10/11/2024,$222.29,"18,320,650",$215.67,$224.6299,$215.16
10/10/2024,$212.84,"7,927,051",$214.81,$214.81,$211.47
10/09/2024,$213.42,"7,023,998",$209.70,$214.24,$209.38
10/08/2024,$210.75,"6,021,772",$210.58,$211.33,$208.38
10/07/2024,$210.93,"6,718,898",$211.03,$213.33,$209.69
10/04/2024,$211.22,"10,213,420",$209.30,$211.67,$206.91
10/03/2024,$205.23,"7,251,325",$206.17,$206.49,$204.34
10/02/2024,$207.29,"5,810,931",$207.08,$208.95,$205.69
10/01/2024,$207.04,"8,540,064",$208.90,$209.09,$206.19
09/30/2024,$210.86,"8,668,314",$206.31,$210.96,$205.26
09/27/2024,$210.50,"7,032,450",$210.65,$212.44,$209.33
09/26/2024,$209.78,"7,807,480",$211.13,$211.70,$209.01
09/25/2024,$210.19,"8,976,520",$211.68,$212.24,$208.61
09/24/2024,$211.59,"7,323,239",$211.15,$212.95,$210.37
09/23/2024,$211.44,"7,223,491",$211.00,$211.80,$209.99
09/20/2024,$211.09,"20,884,970",$209.93,$211.415,$209.50
09/19/2024,$210.48,"11,635,170",$209.78,$211.91,$207.34
09/18/2024,$207.53,"8,259,876",$209.01,$211.3361,$206.70
09/17/2024,$209.25,"7,573,345",$207.73,$209.93,$207.66
09/16/2024,$207.86,"8,634,936",$205.83,$208.21,$205.59
09/13/2024,$204.32,"10,226,690",$206.86,$207.8482,$203.02
09/12/2024,$206.60,"9,055,756",$207.65,$208.78,$204.89
09/11/2024,$207.23,"13,658,740",$205.25,$207.70,$201.831
09/10/2024,$205.56,"28,406,900",$218.60,$218.64,$200.61
09/09/2024,$216.81,"8,935,074",$215.19,$218.15,$214.175
09/06/2024,$212.46,"7,776,998",$217.60,$218.74,$211.09
09/05/2024,$217.63,"8,067,874",$220.15,$220.80,$216.03
09/04/2024,$219.33,"7,389,474",$221.04,$222.07,$217.21
09/03/2024,$220.30,"8,956,089",$222.30,$224.10,$219.24
08/30/2024,$224.80,"8,574,128",$222.50,$225.48,$221.93
08/29/2024,$222.21,"6,416,149",$222.15,$222.98,$218.94
08/28/2024,$221.29,"6,506,402",$219.25,$222.21,$219.19
08/27/2024,$220.18,"5,185,221",$219.51,$220.42,$219.19
08/26/2024,$219.17,"5,105,245",$219.01,$219.68,$218.05
08/23/2024,$218.31,"7,213,981",$217.60,$219.19,$216.50
08/22/2024,$216.63,"5,247,098",$214.58,$216.80,$214.335
08/21/2024,$214.60,"5,202,472",$214.43,$215.00,$212.84
08/20/2024,$214.52,"5,640,223",$215.00,$216.00,$213.68
08/19/2024,$215.45,"6,090,818",$214.00,$215.53,$213.82
08/16/2024,$213.97,"7,931,234",$211.69,$214.09,$211.585
08/15/2024,$211.55,"7,001,005",$213.00,$213.89,$211.10
08/14/2024,$210.24,"6,999,809",$207.74,$210.755,$207.12
08/13/2024,$207.94,"6,387,942",$207.73,$208.09,$205.40
08/12/2024,$206.19,"6,935,954",$206.41,$207.14,$203.66
08/09/2024,$205.80,"5,540,240",$203.47,$206.47,$202.90
08/08/2024,$204.06,"7,761,199",$202.47,$204.91,$201.79
08/07/2024,$200.40,"9,204,434",$203.51,$205.75,$200.20
08/06/2024,$200.34,"10,605,780",$195.40,$202.60,$194.00
08/05/2024,$194.90,"13,927,000",$194.05,$196.1699,$190.90
08/02/2024,$199.14,"18,041,680",$203.88,$204.67,$196.89
08/01/2024,$207.96,"10,918,640",$213.20,$213.83,$206.38
07/31/2024,$212.80,"9,071,637",$214.78,$216.39,$212.67
07/30/2024,$215.19,"8,850,705",$213.23,$215.79,$212.96
07/29/2024,$210.85,"6,533,636",$212.65,$213.61,$210.545
07/26/2024,$212.24,"8,027,787",$209.24,$213.16,$208.62
07/25/2024,$208.67,"6,403,774",$208.65,$210.19,$208.05
07/24/2024,$208.59,"7,118,957",$209.55,$212.03,$208.07
07/23/2024,$210.33,"5,557,262",$211.02,$211.475,$209.3527
07/22/2024,$210.28,"7,663,223",$210.46,$212.17,$209.71
07/19/2024,$209.78,"8,095,898",$211.20,$212.35,$208.92
07/18/2024,$209.98,"12,415,130",$215.63,$216.635,$209.235
07/17/2024,$216.87,"11,572,470",$213.80,$217.56,$213.27
07/16/2024,$213.62,"11,557,020",$210.00,$213.74,$208.08
07/15/2024,$210.05,"10,719,670",$207.19,$211.61,$206.72
07/12/2024,$204.94,"15,443,440",$204.00,$207.45,$202.10
07/11/2024,$207.45,"10,666,940",$206.21,$208.10,$205.38
07/10/2024,$207.80,"8,328,493",$206.14,$207.97,$205.58
07/09/2024,$207.63,"9,060,258",$205.63,$209.76,$205.45
07/08/2024,$205.17,"8,706,967",$205.04,$206.90,$203.97
07/05/2024,$204.79,"8,093,096",$206.99,$207.37,$204.52
07/03/2024,$208.69,"5,560,925",$209.55,$210.38,$207.65
07/02/2024,$208.83,"7,802,936",$205.29,$208.86,$204.77
07/01/2024,$205.45,"10,205,840",$202.84,$207.09,$202.66
06/28/2024,$202.26,"15,307,620",$200.01,$202.60,$199.3018
06/27/2024,$199.17,"7,913,453",$197.44,$199.86,$196.90
06/26/2024,$197.43,"7,758,582",$197.45,$197.94,$196.275
06/25/2024,$198.07,"6,915,909",$198.09,$200.07,$197.74
06/24/2024,$198.88,"9,785,929",$197.81,$199.23,$197.10
06/21/2024,$196.30,"20,972,500",$196.71,$197.17,$194.22
06/20/2024,$198.67,"8,731,062",$196.39,$199.45,$196.11
06/18/2024,$197.00,"9,022,971",$194.60,$197.96,$194.13
06/17/2024,$194.98,"8,725,445",$193.48,$195.58,$192.64
06/14/2024,$193.78,"6,874,029",$191.45,$194.86,$191.42
06/13/2024,$193.66,"8,587,786",$192.32,$194.58,$190.88
06/12/2024,$191.53,"12,751,330",$196.00,$196.72,$191.31
06/11/2024,$194.36,"9,235,302",$197.91,$197.94,$193.60
06/10/2024,$199.61,"6,071,201",$199.24,$200.84,$198.44
06/07/2024,$199.95,"6,964,498",$197.43,$200.92,$197.01
06/06/2024,$196.91,"7,640,289",$197.26,$198.02,$195.33
06/05/2024,$197.26,"8,351,597",$199.76,$199.82,$196.92
06/04/2024,$199.16,"6,848,338",$200.16,$201.98,$198.28
06/03/2024,$201.82,"6,444,309",$202.31,$202.42,$199.19
05/31/2024,$202.63,"14,417,890",$199.30,$203.30,$198.35
05/30/2024,$199.33,"6,829,719",$198.56,$199.85,$198.40
05/29/2024,$198.11,"6,120,045",$198.00,$198.99,$196.89
05/28/2024,$199.50,"6,910,206",$199.86,$200.41,$198.66
05/24/2024,$200.71,"7,356,233",$197.75,$200.76,$197.56
05/23/2024,$196.92,"8,069,445",$197.81,$198.30,$196.07
05/22/2024,$198.31,"9,425,338",$199.00,$200.935,$197.69
05/21/2024,$199.52,"14,420,800",$197.00,$199.90,$196.60
05/20/2024,$195.58,"17,373,250",$204.39,$205.88,$195.40
05/17/2024,$204.79,"9,260,490",$203.81,$205.05,$202.8149
05/16/2024,$202.47,"8,497,927",$202.22,$204.48,$201.9901
05/15/2024,$202.11,"8,369,975",$202.01,$202.69,$199.77
05/14/2024,$201.51,"8,596,175",$199.00,$201.58,$198.16
05/13/2024,$198.73,"7,049,241",$198.80,$199.85,$198.04
05/10/2024,$198.77,"7,529,790",$198.54,$199.3399,$198.27
05/09/2024,$197.50,"7,977,291",$195.17,$197.59,$195.10
05/08/2024,$195.65,"9,227,561",$191.00,$196.65,$191.00
05/07/2024,$191.75,"7,688,771",$191.70,$192.93,$191.65
05/06/2024,$192.00,"7,911,134",$191.73,$192.20,$189.815
05/03/2024,$190.51,"8,922,775",$192.00,$192.529,$188.46
05/02/2024,$191.66,"6,501,657",$193.07,$193.50,$189.52
05/01/2024,$191.86,"7,446,703",$192.27,$194.46,$190.79
04/30/2024,$191.74,"8,153,681",$192.81,$194.99,$191.64
04/29/2024,$193.28,"5,411,129",$193.48,$194.26,$192.43
04/26/2024,$193.49,"6,413,655",$193.57,$194.87,$193.06
04/25/2024,$193.37,"9,802,265",$192.25,$193.935,$191.18
04/24/2024,$193.08,"6,964,905",$190.53,$193.23,$190.17
04/23/2024,$192.14,"9,144,372",$191.13,$192.225,$190.52
04/22/2024,$189.41,"11,529,670",$185.99,$190.125,$185.98
04/19/2024,$185.80,"13,402,310",$182.40,$185.88,$181.41
04/18/2024,$181.25,"9,557,720",$181.10,$183.36,$179.97
04/17/2024,$180.08,"9,017,093",$181.37,$182.4199,$179.20
04/16/2024,$180.80,"16,451,800",$182.90,$183.16,$179.65
04/15/2024,$182.89,"14,766,590",$184.50,$187.46,$182.195
04/12/2024,$182.79,"31,532,310",$188.32,$188.93,$182.54
04/11/2024,$195.43,"10,137,700",$196.00,$196.57,$193.24
04/10/2024,$195.47,"7,681,377",$195.55,$197.07,$194.18
04/09/2024,$197.15,"7,358,631",$198.07,$198.88,$194.91
04/08/2024,$198.48,"8,000,963",$197.62,$198.98,$197.62
04/05/2024,$197.45,"6,532,278",$196.16,$198.1224,$195.11
04/04/2024,$195.65,"9,243,793",$199.15,$199.68,$195.55
04/03/2024,$198.30,"9,353,426",$199.04,$199.56,$197.70
04/02/2024,$198.86,"7,014,683",$198.39,$199.78,$198.08
04/01/2024,$198.94,"7,309,009",$199.99,$200.94,$198.565
03/28/2024,$200.30,"8,628,313",$199.49,$200.72,$198.54
03/27/2024,$199.52,"8,725,757",$196.50,$199.60,$196.38
03/26/2024,$195.73,"5,961,484",$194.59,$196.66,$194.0554
03/25/2024,$194.82,"8,620,015",$196.60,$196.94,$194.36
03/22/2024,$196.62,"8,108,840",$199.01,$200.48,$196.54
03/21/2024,$199.06,"11,203,800",$196.52,$199.43,$196.33
03/20/2024,$196.33,"9,367,043",$194.19,$196.56,$193.61
03/19/2024,$193.79,"8,478,717",$192.71,$193.93,$192.38
03/18/2024,$192.66,"9,013,843",$190.63,$192.70,$189.89
03/15/2024,$190.30,"17,214,230",$186.48,$190.94,$186.48
03/14/2024,$187.97,"10,310,950",$191.03,$191.63,$187.103
03/13/2024,$191.38,"7,795,535",$190.36,$191.73,$189.84
03/12/2024,$189.84,"5,708,384",$188.95,$190.16,$187.91
03/11/2024,$188.29,"5,762,569",$187.28,$188.44,$186.22
03/08/2024,$188.22,"6,172,199",$188.44,$190.455,$187.92
03/07/2024,$187.87,"7,618,277",$189.91,$190.50,$186.63
03/06/2024,$189.53,"7,572,891",$189.25,$190.07,$187.63
03/05/2024,$188.55,"6,617,832",$186.36,$189.30,$186.36
03/04/2024,$186.68,"7,063,605",$184.71,$187.59,$184.27
03/01/2024,$185.29,"6,311,996",$185.70,$186.44,$185.10
02/29/2024,$186.06,"9,643,012",$185.66,$186.43,$183.85
02/28/2024,$184.38,"6,131,608",$183.43,$185.20,$182.96
02/27/2024,$183.45,"5,717,065",$183.31,$183.54,$182.24
02/26/2024,$183.36,"7,145,391",$183.75,$184.46,$182.48
02/23/2024,$183.99,"7,105,833",$183.81,$185.20,$183.19
02/22/2024,$183.07,"9,296,459",$181.82,$183.42,$181.24
02/21/2024,$180.90,"7,027,857",$179.95,$180.99,$178.52
02/20/2024,$179.73,"9,667,959",$179.19,$180.46,$178.405
02/16/2024,$179.03,"8,152,647",$179.61,$179.98,$178.16
02/15/2024,$179.87,"8,723,390",$176.15,$180.21,$176.15
02/14/2024,$176.03,"7,056,664",$175.07,$176.10,$174.42
02/13/2024,$174.26,"8,397,631",$175.32,$176.2299,$172.615
02/12/2024,$175.79,"8,539,316",$174.78,$176.808,$173.70
02/09/2024,$175.01,"6,296,729",$175.00,$175.10,$173.6731
02/08/2024,$174.80,"6,060,285",$175.00,$175.3058,$173.57
02/07/2024,$175.43,"7,225,478",$175.69,$175.87,$173.96
02/06/2024,$175.10,"6,765,684",$174.61,$175.87,$173.76
02/05/2024,$174.50,"7,820,160",$173.86,$175.09,$172.92
02/02/2024,$174.73,"8,607,839",$173.30,$175.8162,$173.26
02/01/2024,$173.73,"9,354,798",$173.64,$174.84,$171.43
01/31/2024,$174.36,"11,521,820",$176.20,$178.30,$174.34
01/30/2024,$176.27,"10,822,080",$172.83,$176.7603,$172.83
01/29/2024,$172.73,"6,971,192",$172.24,$172.84,$171.30
01/26/2024,$172.28,"7,442,955",$172.61,$173.06,$171.78
01/25/2024,$172.94,"8,873,481",$172.31,$172.99,$170.905
01/24/2024,$170.50,"9,967,060",$169.36,$171.01,$168.8627
01/23/2024,$168.99,"8,360,829",$169.67,$169.75,$168.44
01/22/2024,$170.11,"12,837,510",$170.46,$171.9803,$169.71
01/19/2024,$170.31,"13,115,660",$167.55,$170.57,$167.08
01/18/2024,$167.42,"9,382,255",$167.12,$167.53,$165.24
01/17/2024,$167.09,"11,107,470",$167.34,$169.07,$166.49
01/16/2024,$167.99,"17,206,420",$164.87,$168.09,$164.30
01/12/2024,$169.05,"19,436,500",$173.80,$176.31,$168.90
01/11/2024,$170.30,"11,919,500",$170.33,$170.36,$168.6401
01/10/2024,$171.02,"9,670,218",$170.00,$171.08,$168.95
01/09/2024,$170.66,"9,923,630",$171.62,$171.79,$170.095
01/08/2024,$172.02,"11,229,920",$172.02,$172.36,$169.485
01/05/2024,$172.27,"10,066,030",$171.47,$173.38,$171.47
01/04/2024,$171.41,"11,972,550",$170.64,$173.35,$170.54
01/03/2024,$171.33,"9,852,335",$171.86,$172.04,$170.37
01/02/2024,$172.08,"9,977,424",$169.09,$172.17,$168.91
12/29/2023,$170.10,"6,435,102",$170.00,$170.69,$169.63
12/28/2023,$170.30,"6,320,129",$169.35,$170.66,$168.995
12/27/2023,$169.40,"6,428,643",$167.84,$169.47,$167.58
12/26/2023,$168.39,"4,683,605",$167.46,$168.765,$167.18
12/22/2023,$167.40,"6,576,322",$167.50,$168.23,$167.23
12/21/2023,$167.50,"7,601,678",$166.84,$168.09,$165.675
12/20/2023,$166.55,"10,734,710",$167.99,$169.41,$166.45
12/19/2023,$168.45,"10,345,690",$166.00,$168.47,$165.55
12/18/2023,$166.23,"8,469,608",$165.92,$167.13,$165.63
12/15/2023,$165.23,"20,309,350",$163.08,$165.28,$162.39
12/14/2023,$163.99,"13,642,990",$161.83,$164.8399,$161.705
12/13/2023,$161.06,"12,379,100",$160.52,$162.03,$159.77
12/12/2023,$160.52,"10,222,980",$159.23,$160.645,$158.88
12/11/2023,$159.10,"8,093,908",$158.52,$159.30,$158.15
12/08/2023,$158.52,"7,369,370",$157.26,$158.78,$156.98
12/07/2023,$156.79,"8,130,874",$156.69,$157.31,$156.15
12/06/2023,$156.31,"9,366,004",$158.84,$159.22,$156.00
12/05/2023,$157.97,"9,135,597",$157.26,$158.50,$156.97
12/04/2023,$157.99,"9,607,465",$156.02,$158.05,$155.88
12/01/2023,$156.84,"8,916,001",$155.82,$157.86,$155.82
11/30/2023,$156.08,"9,869,790",$154.91,$156.13,$154.381
11/29/2023,$154.32,"9,126,053",$154.17,$155.625,$154.00
11/28/2023,$153.54,"6,582,937",$153.22,$153.87,$152.72
11/27/2023,$153.19,"6,259,116",$153.43,$153.53,$152.71
11/24/2023,$153.54,"3,496,941",$153.59,$154.438,$153.275
11/22/2023,$153.33,"5,175,135",$153.41,$153.88,$152.90
11/21/2023,$152.97,"7,083,506",$153.20,$153.63,$152.57
11/20/2023,$153.29,"7,020,349",$152.08,$153.75,$151.92
11/17/2023,$152.82,"7,814,064",$152.20,$152.86,$151.54
11/16/2023,$151.45,"8,126,188",$150.09,$151.525,$150.09
11/15/2023,$149.74,"8,365,296",$148.46,$150.16,$148.46
11/14/2023,$148.44,"9,927,723",$146.68,$149.25,$146.52
11/13/2023,$145.78,"6,676,364",$145.70,$146.25,$145.16
11/10/2023,$146.43,"7,983,935",$144.94,$146.48,$144.0765
11/09/2023,$144.29,"7,992,477",$145.44,$145.6499,$143.70
11/08/2023,$144.72,"7,618,169",$144.11,$144.84,$143.62
11/07/2023,$144.01,"6,297,915",$143.51,$144.2612,$142.82
11/06/2023,$144.08,"7,625,063",$143.17,$144.19,$142.79
11/03/2023,$143.00,"9,538,719",$142.19,$143.77,$141.85
11/02/2023,$141.42,"10,186,180",$140.09,$141.48,$139.23
11/01/2023,$138.94,"9,432,048",$139.25,$140.53,$138.47
10/31/2023,$139.06,"9,672,460",$137.71,$139.24,$137.4728
10/30/2023,$137.42,"9,855,540",$136.44,$138.04,$136.04
10/27/2023,$135.69,"17,434,720",$138.95,$139.10,$135.19
10/26/2023,$140.76,"9,109,431",$139.76,$141.665,$139.43
10/25/2023,$140.40,"8,242,565",$140.57,$141.18,$139.51
10/24/2023,$141.17,"8,881,354",$141.19,$141.73,$140.36
10/23/2023,$141.00,"10,133,410",$142.94,$143.68,$140.73
10/20/2023,$142.95,"13,332,870",$144.57,$145.14,$142.12
10/19/2023,$145.29,"11,143,630",$145.48,$147.02,$144.88
10/18/2023,$145.91,"9,620,257",$146.59,$147.48,$145.37
10/17/2023,$147.53,"11,482,740",$147.57,$149.31,$146.79
10/16/2023,$147.85,"12,663,460",$149.45,$149.52,$146.72
10/13/2023,$148.00,"29,487,200",$148.50,$153.11,$147.84
10/12/2023,$145.81,"10,484,440",$146.30,$146.96,$145.13
10/11/2023,$146.15,"8,698,175",$146.51,$147.23,$145.02
10/10/2023,$145.65,"11,288,770",$145.42,$146.77,$145.28
10/09/2023,$144.77,"6,964,907",$143.66,$145.395,$143.5005
10/06/2023,$145.10,"10,270,620",$142.91,$145.88,$142.14
10/05/2023,$142.90,"8,576,237",$142.04,$143.10,$140.83
10/04/2023,$143.35,"8,128,748",$143.19,$143.47,$141.93
10/03/2023,$142.71,"9,431,118",$143.20,$143.59,$142.355
10/02/2023,$143.77,"9,170,644",$144.83,$145.6223,$142.63
09/29/2023,$145.02,"11,917,830",$148.60,$148.76,$144.86
09/28/2023,$147.59,"8,868,063",$146.28,$148.87,$146.01
09/27/2023,$145.78,"6,717,822",$145.19,$146.09,$144.5115
09/26/2023,$144.93,"7,468,405",$144.60,$145.84,$144.23
09/25/2023,$146.45,"7,044,672",$145.35,$146.52,$143.70
09/22/2023,$145.73,"7,071,975",$147.29,$147.51,$145.19
09/21/2023,$147.14,"8,053,410",$147.58,$148.855,$146.63
09/20/2023,$148.30,"7,334,257",$149.65,$150.25,$148.135
09/19/2023,$148.93,"7,945,606",$149.50,$149.72,$147.21
09/18/2023,$149.12,"6,512,360",$148.16,$149.14,$147.75
09/15/2023,$148.81,"19,863,380",$148.92,$149.7256,$148.31
09/14/2023,$149.25,"10,034,930",$147.84,$149.895,$147.52
09/13/2023,$146.41,"8,325,914",$147.34,$147.70,$145.82
09/12/2023,$146.34,"8,363,165",$144.50,$147.32,$144.05
09/11/2023,$144.46,"6,854,220",$144.75,$145.05,$143.69
09/08/2023,$143.83,"7,110,254",$143.37,$144.12,$142.65
09/07/2023,$143.72,"8,373,738",$144.13,$145.2683,$143.39
09/06/2023,$144.96,"8,629,164",$144.70,$145.54,$144.11
09/05/2023,$145.20,"7,854,739",$147.16,$148.2099,$145.01
09/01/2023,$146.82,"7,903,496",$146.09,$148.08,$145.70
08/31/2023,$146.33,"10,933,940",$148.26,$148.35,$145.96
08/30/2023,$148.16,"6,277,318",$148.62,$149.15,$147.19
08/29/2023,$148.76,"6,336,962",$147.71,$148.85,$147.18
08/28/2023,$147.56,"5,094,201",$147.57,$148.61,$147.13
08/25/2023,$147.05,"6,695,537",$147.28,$148.6199,$145.85
08/24/2023,$147.23,"6,534,026",$147.50,$149.41,$146.9875
08/23/2023,$147.37,"7,858,021",$146.35,$147.585,$145.46
08/22/2023,$146.38,"9,681,972",$149.26,$149.6394,$145.85
08/21/2023,$149.48,"8,327,018",$149.65,$150.105,$148.02
08/18/2023,$148.97,"8,517,460",$147.65,$149.50,$147.4437
08/17/2023,$148.63,"9,953,912",$150.88,$151.2622,$148.40
08/16/2023,$150.19,"6,978,235",$150.60,$150.96,$149.68
08/15/2023,$150.83,"10,300,300",$152.85,$153.2664,$150.2301
08/14/2023,$154.77,"5,044,282",$153.61,$154.9178,$152.92
08/11/2023,$154.45,"5,180,690",$153.03,$154.52,$152.63
08/10/2023,$153.56,"5,995,076",$154.38,$155.44,$153.09
08/09/2023,$153.79,"6,277,813",$155.32,$155.52,$153.47
08/08/2023,$155.88,"8,623,379",$154.32,$155.98,$152.59
08/07/2023,$156.76,"7,251,832",$156.60,$157.70,$156.60
08/04/2023,$156.02,"6,209,397",$156.40,$157.80,$155.695
08/03/2023,$156.35,"6,087,542",$155.00,$156.92,$154.35
08/02/2023,$155.40,"8,303,708",$155.56,$155.69,$153.94
08/01/2023,$157.18,"6,855,682",$157.43,$158.00,$156.15
07/31/2023,$157.96,"8,894,353",$157.18,$159.38,$157.151
07/28/2023,$156.91,"9,105,974",$157.28,$157.60,$156.4401
07/27/2023,$156.02,"10,778,410",$157.77,$158.78,$155.5538
07/26/2023,$157.76,"8,728,593",$156.71,$158.25,$156.275
07/25/2023,$156.82,"9,944,679",$157.30,$157.7198,$155.96
07/24/2023,$158.00,"14,381,430",$154.97,$158.785,$154.73
07/21/2023,$154.95,"10,636,380",$155.80,$156.14,$154.69
07/20/2023,$156.15,"9,935,907",$154.53,$156.59,$154.41
07/19/2023,$154.25,"12,510,000",$152.75,$155.205,$152.22
07/18/2023,$153.66,"13,491,730",$153.38,$154.40,$152.82
07/17/2023,$153.38,"17,262,390",$150.35,$153.75,$150.35
07/14/2023,$149.77,"27,028,430",$151.55,$152.89,$148.41
07/13/2023,$148.87,"11,234,930",$148.70,$149.37,$147.75
07/12/2023,$148.15,"11,323,230",$147.45,$149.87,$147.00
07/11/2023,$147.42,"11,265,590",$146.335,$147.82,$145.705
07/10/2023,$145.15,"9,100,060",$144.50,$145.99,$144.50
07/07/2023,$144.34,"8,981,456",$143.91,$145.8436,$143.00
07/06/2023,$143.21,"9,714,100",$143.02,$143.39,$141.4401
07/05/2023,$144.64,"8,935,519",$144.94,$145.43,$144.36
07/03/2023,$146.61,"8,021,622",$146.19,$147.48,$146.00
06/30/2023,$145.44,"14,212,820",$144.60,$146.00,$143.66
06/29/2023,$143.43,"15,423,230",$140.07,$143.56,$139.85
06/28/2023,$138.59,"7,558,644",$139.16,$139.21,$137.96
06/27/2023,$139.20,"8,154,024",$139.00,$139.84,$138.54
06/26/2023,$139.19,"8,429,727",$138.87,$140.01,$137.69
06/23/2023,$138.85,"9,919,539",$138.54,$139.18,$137.62
06/22/2023,$139.58,"10,076,330",$142.31,$142.60,$138.95
06/21/2023,$142.32,"9,926,459",$142.90,$144.02,$141.691
06/20/2023,$142.53,"8,431,008",$142.61,$143.00,$141.04
06/16/2023,$143.26,"13,813,510",$143.05,$143.965,$142.50
06/15/2023,$143.09,"9,343,096",$140.59,$143.40,$140.03
06/14/2023,$141.49,"9,068,729",$143.00,$143.61,$140.70
06/13/2023,$142.02,"7,701,567",$140.48,$142.87,$140.14
06/12/2023,$141.00,"7,600,196",$141.07,$141.32,$139.76
06/09/2023,$141.01,"7,253,946",$140.35,$141.80,$140.21
06/08/2023,$140.73,"7,370,043",$140.67,$140.89,$139.4807
06/07/2023,$140.69,"9,281,389",$139.55,$141.27,$138.83
06/06/2023,$139.34,"9,329,541",$138.68,$140.10,$138.2066
06/05/2023,$139.09,"8,511,902",$140.11,$139.31,$138.13
06/02/2023,$140.47,"12,922,470",$139.56,$141.48,$139.34
06/01/2023,$137.58,"12,248,090",$136.52,$138.23,$135.445
05/31/2023,$135.71,"14,219,910",$136.73,$136.84,$134.4044
05/30/2023,$137.46,"7,399,867",$136.80,$137.72,$136.02
05/26/2023,$136.94,"8,579,941",$136.11,$137.60,$135.63
05/25/2023,$135.67,"8,472,505",$134.82,$136.27,$134.58
05/24/2023,$135.34,"8,577,997",$135.40,$136.35,$135.08
05/23/2023,$136.59,"9,514,897",$137.54,$139.03,$136.455
05/22/2023,$138.03,"11,402,480",$141.00,$141.64,$137.66
05/19/2023,$139.18,"13,492,240",$139.79,$140.49,$138.125
05/18/2023,$139.50,"10,999,610",$138.27,$139.73,$137.76
05/17/2023,$138.45,"12,711,520",$135.90,$138.5899,$135.46
05/16/2023,$134.32,"6,483,267",$135.46,$135.9382,$133.96
05/15/2023,$135.23,"7,639,451",$134.27,$135.67,$133.96
05/12/2023,$134.10,"9,988,598",$136.82,$136.99,$133.13
05/11/2023,$136.05,"7,057,277",$135.00,$136.81,$134.90
05/10/2023,$136.48,"8,133,416",$137.95,$138.06,$134.87
05/09/2023,$136.41,"7,343,573",$135.93,$136.95,$135.21
05/08/2023,$137.07,"7,484,872",$137.49,$137.97,$136.475
05/05/2023,$136.74,"11,261,390",$136.44,$137.88,$135.912
05/04/2023,$134.12,"17,089,160",$134.96,$135.72,$131.81
05/03/2023,$135.98,"12,930,910",$138.44,$138.6687,$135.76
05/02/2023,$138.92,"14,113,450",$141.40,$142.41,$138.43
05/01/2023,$141.20,"20,415,760",$142.26,$143.37,$140.83
04/28/2023,$138.24,"9,887,262",$136.56,$138.32,$135.67
04/27/2023,$137.05,"9,041,092",$136.00,$137.91,$135.66
04/26/2023,$135.23,"14,416,150",$137.62,$137.8093,$134.00
04/25/2023,$137.67,"10,629,330",$139.60,$139.96,$137.625
04/24/2023,$140.73,"7,567,666",$140.455,$141.10,$140.04
04/21/2023,$140.54,"11,842,540",$139.74,$141.11,$138.78
04/20/2023,$140.81,"10,586,250",$139.91,$141.43,$139.84
04/19/2023,$141.22,"9,158,112",$141.23,$141.50,$140.40
04/18/2023,$141.40,"13,760,140",$140.27,$141.78,$139.03
04/17/2023,$139.83,"16,050,490",$139.95,$140.06,$137.66
04/14/2023,$138.73,"43,931,330",$135.15,$139.12,$134.9001
04/13/2023,$128.99,"12,450,240",$128.46,$129.04,$126.83
04/12/2023,$128.50,"11,821,000",$129.18,$130.43,$128.0603
04/11/2023,$128.52,"10,516,270",$128.30,$128.94,$127.54
04/10/2023,$127.89,"9,477,292",$126.54,$128.23,$126.22
04/06/2023,$127.47,"8,760,220",$127.00,$128.08,$126.8553
04/05/2023,$127.61,"9,614,692",$126.80,$128.15,$126.46
04/04/2023,$128.42,"11,579,920",$130.50,$130.59,$127.41
04/03/2023,$130.16,"11,775,390",$129.91,$131.44,$129.41
03/31/2023,$130.31,"13,105,220",$129.66,$130.34,$128.8514
03/30/2023,$128.75,"12,134,680",$129.95,$130.12,$127.65
03/29/2023,$129.14,"14,595,260",$130.10,$130.22,$127.77
03/28/2023,$128.88,"10,820,470",$128.71,$129.3417,$127.744
03/27/2023,$128.49,"18,853,940",$126.79,$129.38,$126.29
03/24/2023,$124.91,"22,326,920",$125.63,$125.68,$123.11
03/23/2023,$126.84,"16,677,640",$127.90,$129.53,$126.02
03/22/2023,$127.18,"17,250,170",$130.56,$130.655,$127.08
03/21/2023,$130.55,"17,807,810",$130.59,$131.73,$130.19
03/20/2023,$127.14,"22,875,510",$126.99,$129.47,$126.01
03/17/2023,$125.81,"38,395,980",$128.38,$128.48,$125.45
03/16/2023,$130.75,"24,570,590",$128.01,$131.95,$126.02
03/15/2023,$128.26,"34,280,610",$130.98,$130.99,$126.73
03/14/2023,$134.62,"29,648,120",$135.28,$135.53,$131.29
03/13/2023,$131.25,"42,901,130",$131.21,$133.88,$129.41
03/10/2023,$133.65,"37,599,660",$128.96,$135.26,$127.82
03/09/2023,$130.34,"25,888,100",$136.76,$137.35,$129.215
03/08/2023,$137.80,"10,002,550",$138.00,$138.59,$136.885
03/07/2023,$138.62,"11,747,620",$142.01,$142.31,$137.81
03/06/2023,$142.82,"9,261,255",$143.44,$144.04,$142.66
03/03/2023,$143.66,"9,513,063",$141.51,$143.74,$141.08
03/02/2023,$141.07,"11,107,550",$142.24,$142.43,$139.54
03/01/2023,$142.55,"7,139,155",$142.10,$143.4583,$141.80
02/28/2023,$143.35,"11,019,760",$142.94,$143.76,$141.9001
02/27/2023,$142.16,"10,014,650",$142.11,$143.31,$141.7201
02/24/2023,$140.93,"9,126,888",$139.11,$141.36,$138.93
02/23/2023,$139.67,"8,068,010",$138.73,$140.17,$137.94
02/22/2023,$138.56,"11,107,500",$138.92,$139.43,$137.435
02/21/2023,$139.63,"9,996,283",$140.69,$141.34,$138.75
02/17/2023,$142.24,"7,948,829",$140.98,$142.83,$140.07
02/16/2023,$141.82,"8,165,306",$142.91,$143.39,$141.676
02/15/2023,$143.80,"6,731,172",$141.61,$143.89,$141.30
02/14/2023,$143.20,"9,249,399",$142.50,$143.81,$141.595
02/13/2023,$142.57,"7,134,607",$141.30,$142.73,$140.74
02/10/2023,$141.04,"6,582,853",$139.78,$141.28,$138.59
02/09/2023,$140.42,"6,443,109",$143.12,$143.34,$139.87
02/08/2023,$142.64,"6,957,965",$142.65,$144.04,$142.2763
02/07/2023,$143.65,"10,447,890",$141.38,$144.34,$141.18
02/06/2023,$141.92,"8,406,231",$140.23,$142.24,$140.0313
02/03/2023,$141.09,"11,501,230",$138.18,$142.33,$138.13
02/02/2023,$138.94,"11,822,060",$140.00,$140.46,$138.00
02/01/2023,$139.59,"8,841,846",$138.21,$140.875,$138.12
01/31/2023,$139.96,"9,188,738",$139.88,$140.07,$138.25
01/30/2023,$139.13,"6,729,255",$139.23,$140.09,$138.91
01/27/2023,$140.32,"7,489,946",$140.61,$141.255,$139.7499
01/26/2023,$139.98,"7,487,631",$139.42,$140.06,$138.36
01/25/2023,$139.12,"8,967,007",$138.05,$139.12,$137.25
01/24/2023,$138.45,"6,944,991",$140.29,$140.29,$135.00
01/23/2023,$137.27,"10,487,130",$135.115,$137.96,$134.82
01/20/2023,$135.08,"13,092,490",$135.16,$135.49,$133.55
01/19/2023,$134.75,"13,303,370",$135.32,$135.90,$133.59
01/18/2023,$136.57,"13,392,600",$138.92,$140.73,$136.41
01/17/2023,$140.80,"14,292,880",$141.17,$141.54,$139.225
01/13/2023,$143.01,"20,200,050",$135.60,$143.49,$134.80
01/12/2023,$139.49,"11,001,670",$140.00,$140.86,$139.22
01/11/2023,$139.63,"8,703,698",$138.90,$139.75,$138.10
01/10/2023,$138.60,"9,048,665",$137.79,$138.72,$137.31
01/09/2023,$137.37,"8,482,297",$138.60,$138.88,$136.88
01/06/2023,$137.94,"10,029,080",$136.125,$138.38,$134.49
01/05/2023,$135.35,"8,381,265",$135.66,$135.71,$133.7004
01/04/2023,$136.38,"11,687,640",$135.99,$137.68,$135.57
01/03/2023,$135.12,"11,054,780",$135.24,$136.74,$133.89
12/30/2022,$134.10,"9,292,519",$132.81,$134.33,$132.44
12/29/2022,$133.22,"6,585,228",$132.93,$133.27,$132.31
12/28/2022,$132.46,"8,827,738",$131.85,$133.41,$131.01
12/27/2022,$131.74,"5,410,991",$131.57,$132.22,$130.55
12/23/2022,$131.28,"5,091,905",$130.58,$131.44,$129.64
12/22/2022,$130.66,"8,651,131",$131.10,$131.30,$128.41
12/21/2022,$132.16,"8,051,704",$132.18,$132.98,$131.77
12/20/2022,$130.69,"8,549,927",$130.97,$132.05,$130.20
12/19/2022,$130.06,"9,017,156",$129.65,$131.33,$129.09
12/16/2022,$129.29,"21,133,710",$129.15,$129.90,$128.425
12/15/2022,$130.10,"12,090,290",$131.145,$132.08,$129.05
12/14/2022,$133.41,"9,966,115",$133.78,$135.71,$132.76
12/13/2022,$134.08,"10,025,380",$136.885,$137.09,$133.08
12/12/2022,$134.21,"8,841,631",$132.40,$134.65,$131.60
12/09/2022,$132.16,"7,957,818",$132.20,$133.76,$132.00
12/08/2022,$132.88,"8,907,257",$132.33,$132.98,$131.43
12/07/2022,$131.50,"11,739,430",$131.31,$133.08,$130.33
12/06/2022,$131.59,"13,966,690",$133.39,$135.11,$129.87
12/05/2022,$131.37,"10,154,530",$134.24,$134.57,$130.60
12/02/2022,$135.16,"8,932,057",$134.49,$135.35,$133.34
12/01/2022,$136.24,"8,858,472",$138.18,$138.66,$135.43
11/30/2022,$138.18,"14,761,250",$136.09,$138.18,$133.19
11/29/2022,$136.56,"7,925,322",$134.66,$136.64,$134.41
11/28/2022,$134.35,"9,907,551",$136.07,$136.71,$134.19
11/25/2022,$136.74,"3,220,496",$136.48,$137.14,$136.055
11/23/2022,$136.48,"7,316,204",$134.94,$136.50,$134.86
11/22/2022,$135.04,"9,185,670",$134.00,$135.27,$133.69
11/21/2022,$133.05,"7,800,517",$133.74,$134.56,$132.75
11/18/2022,$133.84,"9,468,537",$134.57,$134.67,$132.28
11/17/2022,$132.54,"8,824,558",$132.00,$132.89,$131.28
11/16/2022,$133.12,"7,893,359",$133.00,$133.56,$132.03
11/15/2022,$132.94,"14,038,350",$134.68,$135.71,$131.60
11/14/2022,$133.91,"11,085,600",$134.80,$135.73,$133.91
11/11/2022,$135.30,"10,704,660",$135.19,$136.17,$133.7805
11/10/2022,$135.08,"16,351,590",$132.63,$135.25,$132.53
11/09/2022,$129.74,"9,493,961",$131.32,$131.43,$129.22
11/08/2022,$131.45,"9,884,053",$131.24,$132.06,$130.14
11/07/2022,$131.37,"12,011,160",$131.00,$132.29,$130.4816
11/04/2022,$130.68,"14,354,350",$129.49,$130.83,$128.46
11/03/2022,$127.20,"12,474,360",$126.31,$128.18,$125.91
11/02/2022,$126.97,"16,546,090",$127.65,$130.36,$126.64
11/01/2022,$128.15,"13,386,950",$126.87,$128.28,$126.33
10/31/2022,$125.88,"13,295,170",$125.70,$127.43,$125.59
10/28/2022,$126.08,"11,859,470",$125.29,$126.28,$124.05
10/27/2022,$124.60,"10,727,610",$125.20,$126.20,$124.21
10/26/2022,$124.11,"11,671,490",$123.00,$125.20,$122.88
10/25/2022,$122.70,"11,289,100",$121.85,$123.2707,$120.89
10/24/2022,$122.38,"12,624,180",$122.07,$123.10,$121.33
10/21/2022,$122.23,"20,593,310",$116.46,$122.39,$116.33
10/20/2022,$116.13,"12,207,440",$117.16,$118.71,$115.65
10/19/2022,$116.51,"17,072,040",$117.99,$118.83,$115.6701
10/18/2022,$118.84,"21,539,680",$119.66,$120.14,$116.96
10/17/2022,$115.86,"22,276,270",$115.41,$117.01,$114.32
10/14/2022,$111.19,"33,420,140",$111.962,$115.24,$110.724
10/13/2022,$109.37,"22,398,710",$101.98,$109.90,$101.76
10/12/2022,$103.61,"13,180,960",$101.80,$104.73,$101.28
10/11/2022,$101.96,"12,739,700",$104.37,$104.54,$101.85
10/10/2022,$104.99,"8,931,729",$106.73,$107.31,$104.52
10/07/2022,$105.98,"11,681,090",$107.52,$107.71,$105.265
10/06/2022,$108.14,"11,521,420",$109.46,$110.19,$107.94
10/05/2022,$110.39,"10,943,500",$109.75,$110.95,$108.83
10/04/2022,$112.77,"16,013,590",$110.61,$112.99,$109.86
10/03/2022,$107.73,"12,248,140",$105.62,$108.36,$104.46
09/30/2022,$104.50,"15,973,420",$106.06,$107.62,$104.40
09/29/2022,$106.16,"12,713,930",$106.95,$107.28,$104.398
09/28/2022,$107.99,"12,762,600",$105.95,$108.73,$105.64
09/27/2022,$105.85,"12,793,610",$107.75,$108.17,$104.65
09/26/2022,$106.79,"15,753,580",$108.00,$109.605,$106.06
09/23/2022,$109.14,"18,138,570",$110.05,$110.3399,$107.16
09/22/2022,$111.21,"11,684,460",$113.38,$113.60,$111.07
09/21/2022,$112.49,"12,606,280",$116.54,$116.60,$112.42
09/20/2022,$115.83,"9,619,026",$117.41,$117.69,$114.64
09/19/2022,$118.16,"8,201,305",$116.00,$118.73,$115.51
09/16/2022,$117.08,"14,844,140",$117.39,$117.40,$115.37
09/15/2022,$117.87,"10,821,440",$116.12,$119.38,$115.755
09/14/2022,$116.12,"9,345,718",$116.70,$117.84,$114.88
09/13/2022,$116.39,"12,904,580",$118.07,$118.92,$115.78
09/12/2022,$120.58,"8,614,630",$120.62,$121.55,$119.79
09/09/2022,$119.17,"9,302,228",$119.14,$120.05,$118.67
09/08/2022,$118.60,"11,434,980",$115.28,$118.79,$114.63
09/07/2022,$115.90,"10,647,870",$113.13,$116.11,$112.76
09/06/2022,$113.74,"9,751,914",$114.33,$114.745,$112.07
09/02/2022,$113.71,"10,666,590",$115.87,$117.45,$113.185
09/01/2022,$114.51,"9,979,823",$113.29,$114.63,$111.91
08/31/2022,$113.73,"10,738,300",$114.48,$115.03,$113.339
08/30/2022,$114.41,"10,745,400",$115.00,$115.58,$113.36
08/29/2022,$114.39,"8,117,296",$114.00,$114.86,$113.46
08/26/2022,$114.67,"11,276,210",$119.46,$119.99,$114.60
08/25/2022,$118.55,"10,758,870",$116.16,$118.74,$115.68
08/24/2022,$115.80,"9,771,264",$115.29,$116.41,$114.45
08/23/2022,$115.52,"7,607,042",$116.69,$117.29,$115.3827
08/22/2022,$116.67,"8,967,607",$116.75,$117.16,$115.50
08/19/2022,$118.63,"13,464,470",$120.62,$120.99,$118.11
08/18/2022,$121.64,"9,531,752",$122.24,$122.47,$120.55
08/17/2022,$122.59,"8,149,335",$122.30,$123.16,$121.6948
08/16/2022,$123.63,"9,554,966",$122.29,$124.2389,$121.87
08/15/2022,$122.46,"8,456,202",$121.14,$122.72,$120.60
08/12/2022,$122.13,"9,906,716",$120.67,$122.25,$119.44
08/11/2022,$120.14,"11,684,860",$119.90,$121.20,$119.31
08/10/2022,$118.39,"12,847,260",$117.96,$119.37,$117.50
08/09/2022,$115.38,"10,233,750",$114.75,$115.99,$114.37
08/08/2022,$114.35,"10,339,580",$116.25,$116.70,$114.18
08/05/2022,$115.76,"14,174,640",$112.53,$116.1899,$112.05
08/04/2022,$112.36,"18,033,850",$112.85,$113.32,$111.0214
08/03/2022,$113.61,"14,394,500",$113.45,$114.0976,$111.71
08/02/2022,$112.43,"14,942,850",$113.92,$114.395,$112.27
08/01/2022,$114.21,"14,740,410",$114.50,$115.105,$113.07
07/29/2022,$115.36,"12,944,540",$115.59,$116.50,$114.785
07/28/2022,$114.81,"10,384,770",$115.25,$115.98,$113.53
07/27/2022,$115.24,"9,274,454",$114.01,$115.74,$113.30
07/26/2022,$113.42,"10,675,120",$114.58,$115.58,$113.03
07/25/2022,$115.22,"9,394,033",$115.84,$116.46,$114.77
07/22/2022,$114.76,"7,645,542",$115.24,$116.25,$113.67
07/21/2022,$115.32,"11,595,860",$114.44,$115.53,$113.37
07/20/2022,$114.54,"11,667,540",$114.10,$114.7389,$113.48
07/19/2022,$114.56,"11,862,270",$113.13,$114.935,$112.67
07/18/2022,$111.79,"13,977,900",$114.77,$115.8401,$111.29
07/15/2022,$112.95,"18,863,890",$109.16,$113.88,$107.67
07/14/2022,$108.00,"26,204,850",$107.99,$108.23,$106.06
07/13/2022,$111.91,"12,979,880",$111.75,$112.4769,$110.38
07/12/2022,$112.97,"11,250,920",$112.58,$115.18,$112.26
07/11/2022,$112.86,"7,944,573",$113.55,$114.23,$112.215
07/08/2022,$114.36,"8,807,840",$115.16,$115.65,$113.61
07/07/2022,$114.72,"10,347,390",$113.50,$114.90,$113.40
07/06/2022,$111.89,"10,656,200",$111.73,$112.99,$110.785
07/05/2022,$112.62,"12,515,590",$110.77,$112.71,$109.30
07/01/2022,$114.05,"10,573,580",$112.65,$114.415,$111.16
06/30/2022,$112.61,"15,172,610",$113.17,$114.075,$110.93
06/29/2022,$115.30,"9,338,432",$116.00,$116.82,$114.73
06/28/2022,$115.82,"11,615,520",$117.67,$119.29,$115.60
06/27/2022,$116.38,"11,280,490",$118.06,$118.50,$115.6417
06/24/2022,$117.32,"14,841,090",$113.23,$117.82,$112.83
06/23/2022,$113.92,"11,851,540",$115.01,$115.18,$111.48
06/22/2022,$115.18,"9,848,572",$114.88,$116.1999,$114.39
06/21/2022,$115.83,"11,680,490",$115.865,$117.03,$115.04
06/17/2022,$113.03,"30,919,870",$113.54,$114.63,$112.16
06/16/2022,$113.43,"16,724,860",$113.86,$114.2593,$111.87
06/15/2022,$115.41,"14,083,550",$115.62,$116.95,$113.1683
06/14/2022,$114.06,"13,357,910",$115.55,$117.32,$113.22
06/13/2022,$115.99,"16,805,560",$116.86,$117.95,$115.06
06/10/2022,$119.55,"12,951,760",$122.59,$123.40,$119.32
06/09/2022,$125.31,"13,565,480",$127.37,$128.10,$125.27
06/08/2022,$128.00,"8,422,110",$129.00,$129.45,$126.90
06/07/2022,$130.07,"6,722,167",$128.83,$130.32,$128.6159
06/06/2022,$129.73,"11,323,460",$131.09,$132.39,$129.46
06/03/2022,$130.16,"8,596,022",$131.21,$131.77,$129.99
06/02/2022,$132.00,"8,374,794",$129.90,$132.01,$128.67
06/01/2022,$129.91,"10,768,020",$132.87,$132.87,$128.67
05/31/2022,$132.23,"17,015,040",$130.18,$133.15,$129.71
05/27/2022,$131.27,"11,177,760",$130.16,$131.27,$129.14
05/26/2022,$129.44,"15,990,940",$128.37,$130.1939,$128.21
05/25/2022,$127.24,"12,780,390",$126.28,$127.86,$125.17
05/24/2022,$126.36,"19,324,920",$124.36,$127.49,$123.11
05/23/2022,$124.60,"24,376,730",$120.46,$126.57,$120.45
05/20/2022,$117.34,"13,150,100",$119.46,$119.67,$115.02
05/19/2022,$118.31,"12,765,770",$118.19,$119.65,$117.63
05/18/2022,$120.09,"12,664,910",$121.30,$121.97,$119.53
05/17/2022,$122.18,"11,160,150",$121.04,$122.97,$120.81
05/16/2022,$118.26,"10,269,030",$118.54,$119.46,$117.23
05/13/2022,$119.09,"10,443,200",$119.41,$120.25,$117.96
05/12/2022,$118.04,"16,318,800",$117.00,$118.32,$115.37
05/11/2022,$118.14,"14,630,300",$119.30,$122.89,$117.94
05/10/2022,$118.89,"16,382,440",$123.11,$123.78,$117.56
05/09/2022,$121.86,"14,312,300",$122.11,$123.33,$120.50
05/06/2022,$123.72,"14,417,940",$123.80,$124.29,$121.18
05/05/2022,$123.92,"15,055,400",$125.25,$126.10,$122.16
05/04/2022,$127.10,"17,128,540",$122.80,$127.40,$122.74
05/03/2022,$123.03,"15,720,940",$121.53,$124.17,$120.78
05/02/2022,$120.45,"18,544,960",$119.88,$120.71,$118.22
04/29/2022,$119.36,"14,874,810",$123.05,$123.61,$118.90
04/28/2022,$123.34,"13,019,940",$122.81,$123.65,$121.14
04/27/2022,$121.42,"17,215,250",$122.33,$123.56,$121.22
04/26/2022,$123.02,"17,209,540",$124.64,$126.41,$122.87
04/25/2022,$126.77,"17,149,030",$126.01,$127.115,$123.11
04/22/2022,$126.81,"14,318,840",$130.28,$130.52,$126.6879
04/21/2022,$130.56,"12,174,180",$132.22,$132.81,$129.96
04/20/2022,$131.58,"13,430,190",$132.52,$133.51,$131.34
04/19/2022,$131.12,"15,015,450",$128.45,$131.32,$128.23
04/18/2022,$128.46,"11,834,440",$125.67,$129.24,$125.54
04/14/2022,$126.12,"18,835,190",$126.50,$128.30,$125.02
04/13/2022,$127.30,"30,838,030",$126.94,$129.25,$126.01
04/12/2022,$131.54,"12,989,860",$132.14,$134.58,$130.70
04/11/2022,$133.00,"10,466,430",$133.00,$134.90,$132.57
04/08/2022,$133.49,"13,126,940",$131.67,$133.90,$131.49
04/07/2022,$131.09,"12,994,230",$130.95,$131.92,$128.73
04/06/2022,$131.49,"12,914,730",$131.58,$132.56,$130.96
04/05/2022,$133.34,"12,110,270",$134.07,$135.40,$133.01
04/04/2022,$135.91,"17,422,940",$134.12,$136.94,$132.89
04/01/2022,$135.31,"15,721,300",$137.40,$137.41,$133.80
03/31/2022,$136.32,"17,353,940",$139.83,$140.345,$136.26
03/30/2022,$140.54,"8,771,027",$141.90,$142.12,$139.91
03/29/2022,$141.18,"11,316,500",$143.35,$143.595,$140.24
03/28/2022,$140.87,"10,818,080",$140.00,$140.97,$137.895
03/25/2022,$141.92,"8,386,416",$141.09,$143.18,$140.80
03/24/2022,$140.69,"10,017,630",$140.30,$140.71,$139.11
03/23/2022,$139.78,"12,093,220",$140.98,$141.585,$139.1999
03/22/2022,$142.62,"13,548,590",$142.27,$143.93,$141.7202
03/21/2022,$139.65,"12,676,050",$140.35,$140.76,$138.7301
03/18/2022,$140.10,"23,656,520",$140.19,$140.85,$138.46
03/17/2022,$140.15,"17,050,450",$136.86,$140.19,$135.9205
03/16/2022,$138.40,"20,354,900",$134.87,$138.49,$134.43
03/15/2022,$132.48,"15,096,600",$131.80,$133.55,$131.13
03/14/2022,$130.17,"15,786,900",$129.46,$132.92,$129.23
03/11/2022,$128.89,"20,061,790",$132.485,$134.08,$128.4249
03/10/2022,$131.86,"15,604,250",$131.86,$133.45,$130.325
03/09/2022,$133.44,"17,536,200",$132.90,$135.24,$132.44
03/08/2022,$128.30,"19,207,820",$129.64,$131.79,$127.27
03/07/2022,$129.21,"27,560,050",$132.17,$132.69,$128.9513
03/04/2022,$134.40,"21,020,680",$134.94,$135.42,$132.40
03/03/2022,$138.29,"16,640,800",$139.84,$140.98,$137.06
03/02/2022,$139.28,"19,405,580",$137.29,$140.04,$136.6076
03/01/2022,$136.45,"36,840,450",$140.04,$140.48,$133.58
02/28/2022,$141.80,"31,315,340",$143.55,$145.06,$140.88
02/25/2022,$147.97,"18,367,680",$145.25,$150.1269,$144.91
02/24/2022,$144.55,"25,655,100",$142.94,$144.99,$139.78
02/23/2022,$148.69,"11,799,030",$153.12,$153.30,$147.97
02/22/2022,$151.87,"11,333,480",$150.60,$153.24,$150.41
02/18/2022,$152.14,"11,733,320",$152.13,$154.14,$151.13
02/17/2022,$151.43,"11,367,460",$153.00,$153.73,$150.665
02/16/2022,$155.00,"9,076,526",$153.74,$156.10,$153.74
02/15/2022,$154.72,"9,500,867",$154.51,$155.94,$153.85
02/14/2022,$152.49,"17,026,490",$152.73,$153.68,$150.3178
02/11/2022,$153.92,"16,830,010",$155.61,$158.19,$152.97
02/10/2022,$155.95,"16,455,640",$156.66,$159.03,$155.22
02/09/2022,$156.60,"9,131,135",$156.59,$157.4305,$155.82
02/08/2022,$155.95,"20,411,390",$155.00,$158.48,$154.80
02/07/2022,$153.07,"12,572,280",$153.27,$153.62,$150.85
02/04/2022,$152.56,"16,654,410",$149.10,$153.50,$148.7673
02/03/2022,$148.70,"12,474,880",$150.00,$151.65,$148.285
02/02/2022,$149.94,"12,441,140",$150.50,$150.94,$148.07
02/01/2022,$151.15,"14,584,940",$148.69,$151.47,$148.30
01/31/2022,$148.60,"13,985,750",$145.64,$148.79,$144.67
01/28/2022,$146.61,"14,116,970",$144.19,$146.76,$142.17
01/27/2022,$145.31,"17,544,520",$149.42,$150.38,$144.13
01/26/2022,$147.92,"20,709,100",$148.72,$150.57,$145.96
01/25/2022,$146.53,"18,915,870",$143.65,$146.85,$140.79
01/24/2022,$144.95,"28,503,120",$142.28,$145.48,$139.57
01/21/2022,$145.08,"20,705,400",$147.50,$147.51,$144.27
01/20/2022,$147.66,"14,860,840",$148.99,$150.61,$147.36
01/19/2022,$148.93,"22,380,030",$151.57,$152.23,$148.55
01/18/2022,$151.27,"32,348,430",$155.78,$155.78,$150.54
01/14/2022,$157.89,"40,158,360",$160.76,$161.03,$156.895
01/13/2022,$168.23,"13,623,420",$168.34,$169.81,$167.89
01/12/2022,$168.44,"12,568,010",$168.46,$169.59,$167.18
01/11/2022,$167.49,"11,854,120",$168.26,$168.5246,$166.31
01/10/2022,$167.32,"12,922,460",$169.07,$169.31,$165.53
01/07/2022,$167.16,"13,913,350",$165.665,$167.53,$165.06
01/06/2022,$165.52,"14,047,500",$166.91,$167.37,$163.87
01/05/2022,$163.78,"17,539,410",$167.82,$168.3589,$163.73
01/04/2022,$167.83,"20,195,800",$164.31,$168.58,$164.23
01/03/2022,$161.70,"13,128,120",$159.86,$162.64,$159.51
12/31/2021,$158.35,"5,805,902",$158.45,$159.29,$157.96
12/30/2021,$158.48,"6,948,171",$159.11,$160.24,$158.37
12/29/2021,$158.56,"6,398,927",$158.85,$159.63,$158.15
12/28/2021,$158.64,"6,342,743",$158.20,$160.15,$158.08
12/27/2021,$158.16,"6,189,234",$157.60,$158.20,$156.34
12/23/2021,$157.26,"8,055,154",$157.61,$159.12,$157.21
12/22/2021,$156.70,"7,272,989",$155.75,$157.055,$155.24
12/21/2021,$156.09,"11,291,340",$155.41,$157.18,$155.09
12/20/2021,$153.94,"15,147,980",$154.51,$154.70,$151.84
12/17/2021,$156.76,"28,138,030",$159.315,$159.38,$155.18
12/16/2021,$160.41,"19,542,760",$160.39,$161.825,$158.70
12/15/2021,$157.94,"14,014,170",$159.85,$159.85,$157.35
12/14/2021,$159.13,"12,563,560",$157.45,$160.89,$157.30
12/13/2021,$157.92,"12,068,990",$159.50,$159.79,$157.2846
12/10/2021,$159.82,"10,405,370",$161.32,$161.702,$159.13
12/09/2021,$160.46,"11,189,640",$159.65,$160.93,$158.65
12/08/2021,$160.71,"11,705,670",$162.66,$163.27,$160.17
12/07/2021,$162.57,"9,851,554",$161.88,$163.39,$161.16
12/06/2021,$160.16,"11,186,490",$161.01,$162.61,$159.46
12/03/2021,$158.29,"12,681,770",$161.50,$161.829,$157.19
12/02/2021,$161.21,"12,969,930",$159.83,$163.25,$158.80
12/01/2021,$157.89,"12,258,690",$161.00,$163.27,$157.80
11/30/2021,$158.83,"18,922,620",$159.155,$160.63,$158.29
11/29/2021,$161.23,"12,104,370",$163.31,$164.78,$159.817
11/26/2021,$161.93,"13,619,280",$162.14,$162.65,$158.82
11/24/2021,$166.96,"9,629,790",$168.46,$169.44,$166.44
11/23/2021,$168.28,"12,362,340",$165.50,$168.555,$165.37
11/22/2021,$164.35,"14,551,670",$164.16,$165.98,$162.99
11/19/2021,$160.92,"12,193,630",$161.30,$162.11,$159.45
11/18/2021,$163.05,"8,123,567",$164.39,$164.85,$162.56
11/17/2021,$164.47,"9,909,576",$165.21,$165.56,$163.39
11/16/2021,$165.36,"9,706,145",$167.06,$167.07,$165.12
11/15/2021,$166.56,"6,492,463",$167.21,$167.785,$166.00
11/12/2021,$166.86,"8,113,441",$167.65,$167.74,$165.72
11/11/2021,$167.61,"5,815,267",$167.52,$168.68,$166.90
11/10/2021,$167.62,"6,999,214",$167.45,$168.95,$167.09
11/09/2021,$167.78,"7,990,283",$167.35,$168.47,$166.595
11/08/2021,$169.06,"6,413,707",$169.05,$170.92,$168.74
11/05/2021,$168.05,"7,975,570",$168.90,$170.09,$167.41
11/04/2021,$168.29,"9,574,152",$170.00,$170.20,$166.4901
11/03/2021,$170.53,"8,402,685",$170.13,$171.13,$169.15
11/02/2021,$170.47,"7,173,754",$169.80,$171.69,$168.92
11/01/2021,$169.80,"7,435,507",$172.04,$172.33,$169.005
10/29/2021,$169.89,"8,140,070",$171.18,$172.24,$169.39
10/28/2021,$170.36,"7,212,937",$168.30,$170.51,$167.96
10/27/2021,$167.83,"9,846,993",$170.32,$170.70,$167.34
10/26/2021,$171.40,"8,015,067",$171.00,$172.4902,$170.54
10/25/2021,$170.94,"10,159,200",$172.71,$172.96,$170.48
10/22/2021,$171.78,"8,817,895",$170.03,$172.09,$169.70
10/21/2021,$169.50,"8,415,166",$170.755,$171.3293,$168.68
10/20/2021,$170.84,"8,185,565",$168.30,$170.87,$167.46
10/19/2021,$168.57,"8,053,949",$167.40,$168.65,$166.58
10/18/2021,$166.55,"12,672,910",$166.48,$168.6084,$165.91
10/15/2021,$166.61,"14,267,440",$165.35,$167.17,$164.14
10/14/2021,$163.47,"15,180,730",$161.75,$164.01,$160.06
10/13/2021,$161.00,"22,753,490",$164.07,$165.41,$160.60
10/12/2021,$165.36,"13,032,630",$165.75,$166.6898,$164.77
10/11/2021,$166.64,"12,154,740",$170.80,$171.29,$166.46
10/08/2021,$170.22,"8,190,144",$170.02,$171.34,$169.295
10/07/2021,$170.09,"10,195,440",$171.20,$171.51,$169.54
10/06/2021,$169.02,"8,692,607",$167.99,$169.10,$166.00
10/05/2021,$168.66,"12,292,880",$167.21,$170.14,$166.67
10/04/2021,$166.95,"14,120,040",$166.97,$170.437,$165.73
10/01/2021,$167.13,"11,284,980",$164.00,$168.30,$163.60
09/30/2021,$163.69,"13,168,020",$166.92,$166.99,$162.79
09/29/2021,$165.95,"7,777,078",$166.21,$166.90,$165.04
09/28/2021,$166.08,"13,387,890",$167.70,$169.30,$165.66
09/27/2021,$166.98,"13,220,870",$165.00,$167.40,$164.61
09/24/2021,$163.04,"10,102,430",$161.44,$163.59,$160.82
09/23/2021,$161.18,"12,336,140",$158.00,$161.71,$157.67
09/22/2021,$155.91,"11,236,150",$155.20,$157.25,$155.10
09/21/2021,$152.98,"8,999,860",$153.53,$154.55,$152.5774
09/20/2021,$152.96,"15,819,910",$153.89,$154.56,$150.49
09/17/2021,$157.68,"25,608,020",$157.38,$159.01,$157.00
09/16/2021,$158.09,"10,880,900",$159.41,$160.855,$157.22
09/15/2021,$158.16,"11,691,490",$156.72,$158.69,$156.47
09/14/2021,$157.07,"11,685,610",$160.45,$161.34,$156.26
09/13/2021,$159.86,"10,052,810",$158.53,$160.05,$158.07
09/10/2021,$157.36,"8,311,551",$160.56,$160.7193,$157.22
09/09/2021,$159.19,"7,904,256",$158.27,$160.8325,$158.08
09/08/2021,$158.50,"7,852,678",$158.89,$159.58,$158.04
09/07/2021,$159.21,"9,290,968",$159.99,$161.3814,$158.96
09/03/2021,$159.49,"7,961,223",$160.39,$160.89,$159.145
09/02/2021,$160.46,"8,815,634",$160.02,$161.61,$159.43
09/01/2021,$159.72,"8,729,920",$160.22,$160.76,$158.97
08/31/2021,$159.95,"12,340,840",$160.44,$161.37,$159.35
08/30/2021,$160.44,"7,937,561",$163.21,$163.49,$159.8801
08/27/2021,$163.05,"8,780,185",$161.75,$163.16,$161.26
08/26/2021,$161.75,"11,027,450",$162.26,$163.83,$161.15
08/25/2021,$160.92,"11,335,040",$158.51,$161.78,$157.80
08/24/2021,$157.67,"7,670,925",$157.00,$158.55,$156.87
08/23/2021,$156.70,"7,934,587",$155.33,$157.09,$155.24
08/20/2021,$154.72,"6,974,102",$154.35,$154.90,$153.16
08/19/2021,$154.28,"9,517,737",$153.16,$155.56,$153.01
08/18/2021,$155.58,"8,065,493",$156.31,$158.01,$155.34
08/17/2021,$157.01,"9,347,213",$157.57,$158.86,$155.27
08/16/2021,$158.93,"8,759,767",$158.94,$159.03,$156.78
08/13/2021,$159.98,"8,980,903",$161.79,$162.16,$159.57
08/12/2021,$161.79,"8,849,610",$161.88,$162.37,$160.5539
08/11/2021,$161.16,"9,156,458",$160.00,$161.50,$159.08
08/10/2021,$159.26,"8,666,998",$156.74,$159.975,$156.31
08/09/2021,$157.33,"9,516,867",$157.52,$158.55,$155.90
08/06/2021,$157.50,"13,328,750",$155.19,$157.82,$155.11
08/05/2021,$153.15,"9,151,499",$152.28,$153.69,$152.01
08/04/2021,$151.24,"10,154,970",$151.25,$153.37,$150.91
08/03/2021,$152.89,"10,394,800",$151.95,$153.32,$149.52
08/02/2021,$151.17,"10,203,160",$152.03,$154.45,$151.07
07/30/2021,$151.78,"9,805,241",$152.58,$153.67,$151.20
07/29/2021,$153.00,"9,063,531",$153.14,$153.87,$151.91
07/28/2021,$151.70,"9,217,294",$152.29,$152.77,$150.88
07/27/2021,$151.45,"11,218,730",$150.40,$152.49,$149.80
07/26/2021,$151.65,"8,207,990",$150.19,$151.96,$150.17
07/23/2021,$150.64,"9,666,101",$151.48,$152.84,$150.25
07/22/2021,$150.93,"9,913,322",$152.88,$153.44,$149.97
07/21/2021,$152.86,"12,356,690",$152.05,$153.65,$151.36
07/20/2021,$149.71,"15,385,160",$146.52,$151.12,$146.3278
07/19/2021,$146.97,"22,172,870",$148.55,$149.823,$145.71
07/16/2021,$151.91,"14,002,740",$155.96,$156.28,$151.02
07/15/2021,$155.46,"11,539,260",$153.90,$156.53,$153.70
07/14/2021,$155.12,"14,622,830",$155.95,$157.28,$152.95
07/13/2021,$155.65,"22,671,740",$156.05,$157.39,$153.5001
07/12/2021,$158.00,"19,940,360",$154.35,$159.1612,$153.94
07/09/2021,$155.77,"13,694,520",$153.05,$156.15,$152.58
07/08/2021,$150.94,"17,834,570",$151.61,$152.53,$150.04
07/07/2021,$153.59,"12,271,790",$152.01,$154.2829,$151.55
07/06/2021,$153.41,"15,083,360",$155.78,$155.78,$152.345
07/02/2021,$156.03,"11,431,350",$155.95,$156.32,$155.12
07/01/2021,$157.08,"10,479,390",$156.26,$157.14,$155.415
06/30/2021,$155.54,"12,530,990",$153.75,$156.08,$153.7097
06/29/2021,$154.14,"14,528,710",$155.00,$156.31,$153.61
06/28/2021,$154.33,"14,125,840",$153.70,$154.48,$152.1203
06/25/2021,$154.05,"15,484,920",$152.59,$154.495,$151.6686
06/24/2021,$152.51,"13,733,190",$151.92,$153.12,$151.22
06/23/2021,$151.12,"12,733,330",$150.20,$152.04,$150.09
06/22/2021,$150.21,"14,251,160",$150.60,$150.97,$148.66
06/21/2021,$150.43,"18,664,800",$149.08,$151.202,$149.0201
06/18/2021,$147.92,"43,595,660",$149.30,$149.70,$147.56
06/17/2021,$151.76,"29,722,420",$157.10,$157.46,$151.25
06/16/2021,$156.27,"25,321,230",$154.73,$157.62,$153.11
06/15/2021,$155.18,"24,485,480",$156.70,$156.92,$154.13
06/14/2021,$157.57,"19,917,860",$160.15,$160.33,$156.655
06/11/2021,$160.29,"13,683,770",$160.43,$161.199,$159.06
06/10/2021,$160.40,"12,119,420",$164.36,$165.24,$160.31
06/09/2021,$162.94,"12,377,370",$164.14,$164.22,$162.28
06/08/2021,$165.00,"10,370,720",$164.49,$165.76,$163.1618
06/07/2021,$165.66,"7,267,196",$167.00,$167.10,$165.14
06/04/2021,$166.44,"8,510,831",$166.21,$166.67,$165.03
06/03/2021,$166.17,"13,354,650",$165.41,$167.245,$164.661
06/02/2021,$166.06,"10,498,570",$167.26,$167.44,$165.53
06/01/2021,$166.05,"9,445,366",$165.87,$166.91,$165.48
05/28/2021,$164.24,"10,294,700",$164.68,$164.94,$163.26
05/27/2021,$164.35,"15,707,510",$163.95,$164.75,$162.57
05/26/2021,$161.83,"13,058,340",$163.57,$163.74,$161.305
05/25/2021,$161.85,"12,609,080",$163.85,$165.70,$161.56
05/24/2021,$163.54,"9,440,290",$163.36,$164.225,$162.1189
05/21/2021,$162.66,"10,248,990",$161.34,$163.223,$160.94
05/20/2021,$160.83,"10,426,010",$160.83,$161.86,$159.52
05/19/2021,$161.11,"13,278,900",$161.00,$161.18,$158.64
05/18/2021,$162.35,"11,098,120",$164.68,$165.50,$162.24
05/17/2021,$164.67,"9,883,458",$163.37,$164.85,$163.03
05/14/2021,$164.01,"10,583,980",$162.39,$164.45,$161.99
05/13/2021,$161.50,"15,397,360",$158.18,$162.445,$157.68
05/12/2021,$157.45,"14,381,730",$159.61,$160.78,$157.03
05/11/2021,$158.54,"15,451,670",$161.08,$162.39,$158.04
05/10/2021,$161.22,"14,014,330",$161.50,$163.73,$161.12
05/07/2021,$161.24,"14,257,830",$157.22,$161.50,$157.02
05/06/2021,$160.69,"13,542,410",$158.07,$160.825,$157.16
05/05/2021,$157.52,"6,938,197",$156.00,$158.28,$154.63
05/04/2021,$155.48,"12,977,670",$152.87,$155.64,$152.14
05/03/2021,$153.36,"11,801,110",$154.85,$155.48,$153.13
04/30/2021,$153.81,"11,705,070",$154.10,$154.49,$153.01
04/29/2021,$155.19,"12,976,870",$153.54,$155.28,$153.20
04/28/2021,$152.23,"8,943,653",$152.43,$152.89,$151.40
04/27/2021,$151.25,"12,821,180",$150.50,$151.57,$150.11
04/26/2021,$150.56,"10,799,070",$150.78,$152.46,$150.38
04/23/2021,$150.19,"14,043,090",$147.18,$151.13,$146.685
04/22/2021,$147.37,"15,256,120",$150.23,$150.30,$147.26
04/21/2021,$150.54,"12,236,670",$147.79,$150.61,$146.79
04/20/2021,$149.27,"13,716,680",$151.74,$151.75,$148.65
04/19/2021,$152.65,"11,900,220",$153.42,$153.88,$152.22
04/16/2021,$153.30,"13,773,410",$153.87,$154.51,$152.69
04/15/2021,$152.17,"17,694,130",$151.25,$152.20,$149.32
04/14/2021,$151.21,"19,939,590",$151.47,$153.83,$150.93
04/13/2021,$154.09,"16,113,560",$154.75,$155.20,$152.43
04/12/2021,$155.95,"12,273,360",$155.58,$157.25,$155.57
04/09/2021,$156.28,"12,122,400",$155.81,$157.042,$154.97
04/08/2021,$155.12,"12,335,510",$154.00,$155.505,$152.31
04/07/2021,$154.93,"16,903,520",$153.10,$155.23,$152.65
04/06/2021,$152.54,"13,071,550",$152.79,$154.28,$151.86
04/05/2021,$153.62,"13,507,980",$154.40,$154.94,$152.60
04/01/2021,$153.71,"16,561,510",$151.90,$153.79,$151.55
03/31/2021,$152.23,"16,736,680",$153.28,$154.49,$152.12
03/30/2021,$154.48,"13,184,310",$154.46,$155.87,$153.88
03/29/2021,$152.68,"17,570,340",$152.1201,$153.7276,$151.04
03/26/2021,$155.09,"16,754,400",$154.30,$155.45,$152.55
03/25/2021,$152.55,"15,608,340",$150.00,$152.97,$149.33
03/24/2021,$150.62,"13,079,790",$150.00,$153.18,$149.86
03/23/2021,$149.46,"17,076,300",$150.33,$152.12,$148.96
03/22/2021,$150.97,"19,944,850",$152.80,$153.97,$150.61
03/19/2021,$155.14,"54,418,830",$155.51,$155.94,$151.19
03/18/2021,$157.65,"21,898,470",$157.60,$161.69,$157.11
03/17/2021,$155.09,"13,952,380",$155.34,$156.88,$153.05
03/16/2021,$153.51,"12,805,570",$154.09,$154.60,$152.19
03/15/2021,$155.37,"12,103,260",$156.35,$156.92,$153.96
03/12/2021,$156.15,"12,849,530",$156.86,$157.63,$155.0701
03/11/2021,$154.32,"11,771,480",$154.11,$156.15,$153.36
03/10/2021,$155.13,"14,342,240",$151.91,$156.16,$151.51
03/09/2021,$151.83,"16,238,760",$151.50,$154.25,$149.82
03/08/2021,$152.91,"17,133,270",$152.47,$155.46,$150.75
03/05/2021,$150.91,"18,465,110",$153.215,$153.49,$147.97
03/04/2021,$150.56,"20,093,910",$152.61,$154.3786,$148.6201
03/03/2021,$152.91,"14,324,100",$151.23,$154.98,$150.825
03/02/2021,$150.01,"14,221,720",$150.08,$151.78,$149.84
03/01/2021,$150.50,"14,845,480",$149.52,$151.3799,$148.48
02/26/2021,$147.17,"19,829,180",$150.30,$150.8741,$146.51
02/25/2021,$151.18,"18,127,710",$154.27,$154.90,$150.59
02/24/2021,$153.26,"15,061,430",$150.11,$153.76,$150.11
02/23/2021,$150.61,"16,234,410",$151.51,$152.31,$149.59
02/22/2021,$149.41,"11,488,420",$146.87,$150.19,$146.79
02/19/2021,$148.02,"11,969,780",$145.86,$148.84,$145.86
02/18/2021,$145.59,"10,590,270",$144.00,$145.79,$143.40
02/17/2021,$145.10,"10,834,190",$143.95,$145.38,$143.12
02/16/2021,$144.65,"12,130,620",$143.55,$145.32,$142.40
02/12/2021,$141.25,"8,324,562",$139.05,$141.61,$139.00
02/11/2021,$139.27,"9,200,955",$139.66,$140.55,$138.22
02/10/2021,$139.66,"10,323,200",$140.00,$140.87,$139.04
02/09/2021,$139.58,"8,614,807",$139.43,$139.98,$138.54
02/08/2021,$140.14,"10,136,380",$138.20,$140.30,$138.18
02/05/2021,$137.98,"10,051,270",$139.39,$139.49,$137.38
02/04/2021,$138.25,"12,419,530",$135.47,$138.66,$135.47
02/03/2021,$135.14,"10,600,780",$133.65,$135.755,$133.51
02/02/2021,$133.61,"12,253,570",$131.94,$134.39,$131.22
02/01/2021,$129.62,"11,080,660",$129.40,$130.0697,$128.475
01/29/2021,$128.67,"14,808,110",$131.19,$131.72,$128.19
01/28/2021,$130.11,"13,761,760",$129.90,$132.17,$128.99
01/27/2021,$127.86,"17,603,850",$129.59,$129.85,$127.35
01/26/2021,$131.58,"11,307,820",$132.75,$133.17,$131.34
01/25/2021,$132.12,"14,212,760",$132.14,$133.17,$130.06
01/22/2021,$133.79,"12,933,230",$132.69,$134.40,$132.20
01/21/2021,$134.83,"13,415,020",$135.69,$136.16,$134.325
01/20/2021,$135.97,"16,028,850",$137.82,$138.17,$135.435
01/19/2021,$138.04,"19,843,780",$139.86,$140.70,$137.82
01/15/2021,$138.64,"27,881,020",$137.43,$141.65,$137.01
01/14/2021,$141.17,"18,565,600",$140.49,$142.75,$140.00
01/13/2021,$140.35,"14,816,760",$138.59,$140.79,$138.10
01/12/2021,$140.22,"18,033,460",$139.44,$141.6599,$138.8301
01/11/2021,$138.05,"15,949,050",$134.58,$138.20,$134.11
01/08/2021,$136.02,"12,035,130",$135.97,$136.35,$134.12
01/07/2021,$135.87,"21,940,390",$135.69,$138.19,$134.92
01/06/2021,$131.55,"24,909,060",$129.88,$132.77,$127.88
01/05/2021,$125.65,"13,731,210",$124.99,$126.2995,$123.77
01/04/2021,$125.87,"16,819,920",$127.50,$127.8579,$124.78
12/31/2020,$127.07,"8,580,214",$125.09,$127.33,$124.82
12/30/2020,$125.36,"7,397,964",$125.49,$125.845,$124.90
12/29/2020,$125.01,"8,389,199",$126.20,$126.2799,$124.89
12/28/2020,$125.34,"8,072,641",$125.82,$126.65,$124.7886
12/24/2020,$124.52,"4,164,948",$125.09,$125.55,$123.57
12/23/2020,$125.07,"14,973,230",$122.78,$126.52,$122.35
12/22/2020,$121.67,"11,808,880",$123.39,$123.52,$121.61
12/21/2020,$123.55,"28,323,640",$123.17,$125.00,$121.09
12/18/2020,$119.08,"28,954,760",$119.14,$119.8837,$118.27
12/17/2020,$119.67,"11,618,000",$121.26,$121.45,$119.58
12/16/2020,$120.67,"11,169,360",$120.30,$121.08,$119.86
12/15/2020,$120.32,"12,591,420",$119.29,$120.90,$118.62
12/14/2020,$118.30,"12,112,350",$121.335,$121.42,$118.105
12/11/2020,$119.56,"9,981,643",$118.94,$120.02,$118.37
12/10/2020,$120.27,"13,668,420",$119.99,$120.7781,$119.56
12/09/2020,$121.05,"13,073,930",$123.17,$123.30,$120.44
12/08/2020,$122.00,"9,592,124",$121.04,$122.33,$120.76
12/07/2020,$121.88,"9,724,307",$121.15,$122.17,$120.21
12/04/2020,$122.34,"13,583,650",$122.48,$123.29,$121.6901
12/03/2020,$121.24,"12,904,410",$121.85,$121.885,$120.36
12/02/2020,$122.04,"10,811,260",$119.70,$122.31,$119.27
12/01/2020,$119.74,"12,678,220",$120.34,$121.58,$119.6276
11/30/2020,$117.88,"14,411,850",$120.00,$120.7199,$117.77
11/27/2020,$121.22,"5,983,627",$122.00,$122.35,$121.08
11/25/2020,$122.03,"11,715,630",$121.37,$122.38,$120.465
11/24/2020,$123.32,"20,121,560",$120.07,$123.50,$119.71
11/23/2020,$117.87,"13,209,210",$116.05,$118.17,$115.57
11/20/2020,$114.57,"12,720,820",$114.43,$115.65,$114.09
11/19/2020,$115.56,"10,202,540",$114.18,$115.82,$113.56
11/18/2020,$115.25,"12,571,220",$117.34,$118.61,$115.20
11/17/2020,$116.11,"14,553,250",$115.39,$116.44,$114.58
11/16/2020,$117.30,"19,858,560",$117.79,$118.61,$115.7318
11/13/2020,$114.08,"11,856,870",$114.70,$114.86,$113.5701
11/12/2020,$113.37,"22,066,460",$112.53,$113.955,$112.055
11/11/2020,$114.78,"14,443,410",$116.89,$116.96,$113.96
11/10/2020,$116.52,"20,539,340",$117.35,$117.45,$114.69
11/09/2020,$116.90,"47,792,410",$113.16,$118.90,$110.35
11/06/2020,$102.96,"12,552,790",$105.03,$105.10,$102.39
11/05/2020,$104.35,"17,837,370",$101.06,$105.095,$101.00
11/04/2020,$100.25,"18,886,520",$101.00,$102.07,$98.93
11/03/2020,$103.41,"17,482,590",$103.02,$104.74,$102.69
11/02/2020,$100.25,"15,011,600",$99.39,$100.88,$97.86
10/30/2020,$98.04,"15,200,690",$97.91,$98.42,$96.23
10/29/2020,$97.17,"14,208,820",$96.12,$97.98,$95.2397
10/28/2020,$96.54,"16,389,460",$97.50,$98.30,$96.07
10/27/2020,$99.33,"10,391,660",$100.51,$100.92,$99.16
10/26/2020,$101.24,"12,410,740",$102.65,$102.70,$100.25
10/23/2020,$103.81,"15,087,610",$103.50,$104.45,$102.93
10/22/2020,$102.88,"14,837,200",$99.32,$103.24,$99.31
10/21/2020,$99.37,"10,730,520",$100.36,$100.99,$99.33
10/20/2020,$100.37,"11,257,070",$100.31,$101.77,$100.12
10/19/2020,$99.80,"11,725,670",$101.60,$101.87,$99.56
10/16/2020,$101.51,"13,276,400",$101.41,$102.33,$100.723
10/15/2020,$101.72,"17,171,200",$99.10,$101.78,$99.04
10/14/2020,$100.22,"15,214,910",$101.03,$101.925,$100.10
10/13/2020,$100.78,"21,697,310",$103.00,$103.22,$100.26
10/12/2020,$102.44,"16,057,980",$101.10,$103.00,$100.85
10/09/2020,$101.20,"13,689,120",$102.00,$102.105,$100.11
10/08/2020,$101.78,"15,659,020",$100.51,$101.92,$99.895
10/07/2020,$99.73,"16,358,530",$98.96,$100.35,$98.6658
10/06/2020,$98.02,"19,220,440",$100.07,$100.86,$97.5101
10/05/2020,$99.04,"13,871,880",$98.32,$99.25,$97.53
10/02/2020,$97.89,"15,149,570",$95.25,$98.59,$95.09
10/01/2020,$96.97,"15,778,670",$97.12,$97.77,$96.03
09/30/2020,$96.27,"16,400,590",$95.35,$97.1975,$95.26
09/29/2020,$95.35,"12,854,670",$96.03,$96.03,$94.332
09/28/2020,$96.16,"20,894,110",$95.06,$96.93,$94.35
09/25/2020,$93.47,"13,293,080",$92.05,$93.715,$91.87
09/24/2020,$92.66,"18,366,520",$92.32,$94.30,$91.38
09/23/2020,$92.74,"19,952,670",$94.78,$95.35,$92.6617
09/22/2020,$94.27,"19,257,000",$94.96,$95.66,$93.67
09/21/2020,$95.31,"28,378,770",$95.20,$96.05,$93.82
09/18/2020,$98.35,"20,121,580",$97.89,$99.49,$97.44
09/17/2020,$98.56,"18,290,100",$98.70,$99.3433,$97.71
09/16/2020,$99.70,"19,284,240",$99.43,$101.13,$98.76
09/15/2020,$99.28,"23,682,970",$102.73,$102.85,$99.14
09/14/2020,$102.47,"19,017,370",$101.51,$103.46,$101.37
09/11/2020,$101.07,"13,784,340",$99.97,$101.36,$99.59
09/10/2020,$99.83,"15,922,790",$101.40,$102.42,$99.64
09/09/2020,$100.87,"13,434,020",$100.80,$101.69,$99.56
09/08/2020,$99.92,"22,108,610",$102.98,$103.57,$99.48
09/04/2020,$103.52,"26,325,470",$104.05,$105.21,$101.37
09/03/2020,$101.33,"23,281,240",$103.32,$104.99,$100.64
09/02/2020,$101.65,"14,475,670",$99.95,$101.94,$99.56
09/01/2020,$100.14,"11,602,050",$99.55,$100.8712,$99.04
08/31/2020,$100.19,"14,219,440",$102.12,$102.18,$100.02
08/28/2020,$102.77,"13,756,730",$103.14,$103.25,$101.81
08/27/2020,$102.35,"22,163,860",$99.00,$102.65,$99.00
08/26/2020,$99.09,"12,052,440",$99.94,$100.27,$99.05
08/25/2020,$100.50,"13,648,930",$101.27,$101.98,$99.80
08/24/2020,$100.06,"17,898,270",$98.45,$100.21,$97.42
08/21/2020,$97.32,"12,228,300",$97.27,$98.565,$96.94
08/20/2020,$97.37,"13,672,580",$97.26,$98.03,$96.80
08/19/2020,$98.55,"13,533,020",$98.92,$100.59,$98.34
08/18/2020,$98.32,"13,246,510",$99.91,$99.91,$98.12
08/17/2020,$99.71,"14,987,990",$101.50,$102.00,$99.53
08/14/2020,$102.41,"12,134,360",$101.50,$103.31,$101.42
08/13/2020,$102.37,"13,598,650",$102.00,$103.36,$101.635
08/12/2020,$102.94,"19,250,160",$106.16,$106.43,$101.71
08/11/2020,$103.82,"31,518,610",$103.86,$106.16,$103.51
08/10/2020,$100.64,"14,989,850",$100.11,$102.04,$100.0343
08/07/2020,$99.38,"14,743,680",$96.93,$99.49,$96.56
08/06/2020,$97.24,"10,482,060",$97.58,$98.10,$96.54
08/05/2020,$97.21,"15,349,690",$95.87,$98.47,$95.72
08/04/2020,$95.55,"13,366,150",$95.91,$95.95,$95.03
08/03/2020,$96.10,"12,972,560",$97.02,$97.57,$95.85
07/31/2020,$96.64,"14,539,500",$96.48,$96.93,$95.25
07/30/2020,$97.02,"14,834,790",$97.54,$97.74,$96.05
07/29/2020,$99.68,"12,743,520",$97.07,$99.71,$97.00
07/28/2020,$97.32,"11,754,270",$96.50,$97.8854,$96.50
07/27/2020,$96.90,"11,959,060",$97.51,$97.63,$96.17
07/24/2020,$98.28,"12,744,150",$99.60,$99.80,$97.94
07/23/2020,$98.98,"12,870,180",$98.50,$99.35,$97.97
07/22/2020,$98.69,"14,271,150",$99.65,$100.13,$97.53
07/21/2020,$99.41,"17,812,300",$97.71,$100.05,$97.64
07/20/2020,$97.30,"14,458,140",$97.43,$98.39,$97.26
07/17/2020,$98.16,"16,161,550",$100.00,$100.08,$98.14
07/16/2020,$100.01,"16,886,890",$98.78,$101.22,$98.55
07/15/2020,$99.73,"22,508,410",$100.89,$101.29,$98.65
07/14/2020,$98.21,"42,731,670",$98.37,$99.95,$96.64
07/13/2020,$97.65,"32,079,210",$98.7303,$99.2663,$96.225
07/10/2020,$96.27,"28,954,230",$92.00,$96.84,$91.8706
07/09/2020,$91.28,"25,600,760",$93.52,$94.12,$90.7764
07/08/2020,$93.30,"18,762,210",$92.29,$93.34,$91.80
07/07/2020,$92.32,"25,757,200",$93.82,$94.10,$92.00
07/06/2020,$95.00,"18,625,270",$94.43,$95.20,$93.48
07/02/2020,$92.66,"27,845,620",$94.74,$94.96,$91.931
07/01/2020,$93.26,"18,755,730",$94.89,$95.705,$93.0301
06/30/2020,$94.06,"19,137,010",$92.83,$94.6598,$92.57
06/29/2020,$93.00,"18,499,740",$93.40,$94.49,$92.18
06/26/2020,$92.59,"41,896,320",$95.11,$95.37,$92.00
06/25/2020,$97.96,"25,743,640",$94.35,$98.21,$94.2622
06/24/2020,$94.66,"22,919,780",$96.75,$96.84,$94.31
06/23/2020,$97.93,"15,381,380",$98.97,$99.97,$97.85
06/22/2020,$96.75,"16,216,900",$97.25,$97.95,$96.54
06/19/2020,$97.81,"40,371,170",$100.53,$100.60,$96.73
06/18/2020,$98.94,"16,591,910",$98.67,$100.52,$98.13
06/17/2020,$99.48,"15,639,830",$102.53,$102.54,$99.21
06/16/2020,$102.06,"22,193,580",$105.37,$105.68,$99.31
06/15/2020,$101.25,"22,153,640",$96.42,$101.43,$95.87
06/12/2020,$99.87,"24,856,760",$100.71,$101.13,$97.33
06/11/2020,$97.21,"36,259,220",$100.03,$101.58,$96.54
06/10/2020,$106.06,"24,913,330",$110.46,$110.505,$105.85
06/09/2020,$110.54,"17,031,140",$110.65,$111.63,$109.01
06/08/2020,$113.45,"24,881,790",$113.41,$114.19,$111.94
06/05/2020,$111.23,"42,230,990",$114.93,$115.77,$109.53
06/04/2020,$106.44,"26,784,720",$103.82,$106.61,$102.79
06/03/2020,$104.27,"25,941,090",$101.58,$104.92,$101.06
06/02/2020,$98.93,"21,194,960",$100.28,$100.42,$97.9276
06/01/2020,$98.60,"15,207,500",$97.75,$99.5115,$97.38
05/29/2020,$97.31,"26,538,150",$98.66,$99.18,$96.775
05/28/2020,$99.86,"24,738,540",$102.94,$102.95,$99.40
05/27/2020,$101.37,"39,402,040",$102.07,$102.58,$98.80
05/26/2020,$95.82,"41,233,950",$92.89,$97.50,$92.61
05/22/2020,$89.47,"13,557,920",$90.01,$90.36,$88.72
05/21/2020,$90.17,"14,621,410",$90.27,$91.76,$89.67
05/20/2020,$91.33,"20,552,360",$90.71,$92.385,$90.37
05/19/2020,$88.67,"19,597,290",$90.05,$91.1987,$88.59
05/18/2020,$90.45,"30,528,730",$88.69,$91.15,$87.88
05/15/2020,$85.90,"26,099,040",$86.85,$87.28,$85.30
05/14/2020,$87.52,"35,152,450",$82.72,$88.11,$82.40
05/13/2020,$84.03,"35,451,600",$86.38,$86.86,$83.40
05/12/2020,$87.03,"27,962,920",$90.15,$90.79,$86.90
05/11/2020,$89.97,"31,907,590",$91.11,$91.11,$89.33
05/08/2020,$92.70,"20,494,920",$92.80,$94.08,$92.11
05/07/2020,$91.21,"16,771,940",$91.34,$92.91,$90.58
05/06/2020,$90.27,"20,978,040",$92.16,$92.76,$89.9306
05/05/2020,$92.00,"18,064,120",$93.65,$94.21,$91.90
05/04/2020,$92.14,"15,725,880",$92.02,$92.67,$90.80
05/01/2020,$93.25,"18,547,740",$93.50,$93.74,$91.835
04/30/2020,$95.76,"19,127,630",$95.60,$96.84,$94.55
04/29/2020,$97.86,"20,462,560",$99.08,$99.45,$97.27
04/28/2020,$95.29,"20,238,900",$97.81,$98.3599,$95.03
04/27/2020,$94.62,"22,870,210",$91.94,$95.63,$91.5449
04/24/2020,$90.71,"15,815,290",$90.64,$91.10,$88.49
04/23/2020,$89.39,"16,638,770",$89.74,$91.28,$89.26
04/22/2020,$89.34,"16,706,030",$90.69,$91.87,$89.18
04/21/2020,$89.05,"23,035,020",$88.62,$91.3839,$88.33
04/20/2020,$91.71,"23,679,430",$92.47,$94.71,$90.46
04/17/2020,$95.18,"30,191,900",$92.00,$95.70,$90.96
04/16/2020,$87.33,"32,449,620",$90.23,$90.57,$87.05
04/15/2020,$90.79,"30,118,620",$91.15,$92.03,$90.13
04/14/2020,$95.50,"46,151,260",$101.02,$102.00,$93.64
04/13/2020,$98.19,"26,911,950",$103.11,$103.11,$97.30
04/09/2020,$102.76,"42,084,670",$96.92,$104.39,$96.89
04/08/2020,$94.30,"22,903,260",$92.10,$94.86,$90.55
04/07/2020,$90.64,"22,563,810",$94.45,$94.50,$90.38
04/06/2020,$89.46,"26,820,850",$88.99,$90.99,$87.70
04/03/2020,$84.05,"21,199,450",$86.00,$87.48,$82.77
04/02/2020,$87.51,"24,017,960",$83.51,$87.91,$82.96
04/01/2020,$84.36,"28,029,570",$85.10,$86.56,$83.25
03/31/2020,$90.03,"23,379,300",$92.05,$94.17,$89.34
03/30/2020,$93.50,"21,656,930",$90.65,$94.09,$89.30
03/27/2020,$91.13,"30,041,460",$93.19,$94.84,$90.55
03/26/2020,$98.12,"29,840,430",$94.08,$98.57,$93.5375
03/25/2020,$91.73,"38,111,700",$89.24,$95.15,$84.54
03/24/2020,$88.43,"34,363,160",$84.90,$90.10,$82.90
03/23/2020,$79.03,"32,536,580",$82.68,$83.75,$78.09
03/20/2020,$83.50,"30,150,820",$86.30,$89.46,$82.48
03/19/2020,$85.30,"32,175,060",$81.56,$88.11,$76.91
03/18/2020,$83.89,"41,525,570",$87.67,$90.79,$80.36
03/17/2020,$93.76,"35,239,840",$90.89,$97.44,$87.50
03/16/2020,$88.36,"38,589,650",$85.20,$93.982,$84.55
03/13/2020,$103.91,"38,543,330",$95.99,$103.99,$92.00
03/12/2020,$88.05,"49,725,230",$89.59,$96.96,$86.32
03/11/2020,$95.96,"38,157,810",$97.70,$100.05,$94.55
03/10/2020,$100.70,"31,102,650",$99.00,$101.28,$94.58
03/09/2020,$93.44,"40,352,030",$96.57,$99.2302,$93.00
03/06/2020,$108.08,"38,159,410",$106.26,$110.3232,$105.02
03/05/2020,$113.97,"25,025,630",$115.67,$116.43,$112.58
03/04/2020,$119.85,"25,795,870",$118.33,$120.19,$114.695
03/03/2020,$116.96,"32,547,740",$120.97,$122.9469,$116.24
03/02/2020,$121.52,"27,355,450",$116.63,$121.58,$114.46
02/28/2020,$116.11,"45,942,580",$117.52,$118.49,$112.66
02/27/2020,$121.37,"23,005,470",$122.91,$125.62,$121.30
02/26/2020,$126.64,"24,836,160",$126.93,$128.95,$126.34
02/25/2020,$126.26,"20,797,190",$131.00,$132.23,$125.59
02/24/2020,$132.16,"13,618,430",$131.44,$133.20,$130.7988
02/21/2020,$135.81,"9,772,770",$136.55,$136.92,$134.9225
02/20/2020,$137.49,"7,422,800",$137.17,$138.36,$136.53
02/19/2020,$137.49,"7,071,399",$136.91,$138.39,$136.34
02/18/2020,$135.64,"8,997,247",$137.34,$137.705,$135.05
02/14/2020,$137.46,"6,627,891",$137.84,$138.19,$136.94
02/13/2020,$137.88,"7,447,535",$137.75,$138.34,$136.40
02/12/2020,$138.00,"7,957,984",$138.60,$139.285,$137.80
02/11/2020,$138.00,"6,578,649",$138.26,$138.82,$137.78
02/10/2020,$137.74,"5,960,700",$136.95,$137.851,$136.75
02/07/2020,$137.17,"6,379,784",$136.73,$137.67,$136.30
02/06/2020,$137.61,"8,992,592",$138.24,$138.29,$137.11
02/05/2020,$137.59,"10,150,710",$136.57,$137.73,$136.01
02/04/2020,$135.29,"9,157,126",$135.55,$136.60,$135.08
02/03/2020,$133.37,"10,021,370",$132.66,$134.24,$132.66
01/31/2020,$132.36,"12,785,240",$134.49,$134.83,$131.47
01/30/2020,$135.89,"9,048,887",$132.69,$136.13,$132.69
01/29/2020,$134.23,"9,326,173",$134.81,$135.54,$133.69
01/28/2020,$134.43,"13,062,790",$132.84,$134.97,$132.4784
01/27/2020,$132.03,"12,860,460",$130.27,$132.94,$129.71
01/24/2020,$133.15,"15,166,390",$136.37,$136.43,$132.32
01/23/2020,$136.54,"9,345,683",$135.71,$136.7447,$134.72
01/22/2020,$136.68,"7,549,111",$137.24,$137.40,$136.38
01/21/2020,$136.84,"8,474,247",$137.19,$138.07,$136.69
01/17/2020,$138.20,"14,697,670",$137.54,$138.285,$137.32
01/16/2020,$137.25,"10,783,750",$137.45,$137.90,$136.84
01/15/2020,$136.72,"16,293,420",$137.85,$138.60,$136.15
01/14/2020,$138.80,"24,942,960",$137.94,$140.76,$137.69
01/13/2020,$137.20,"12,381,810",$136.19,$137.20,$135.755
01/10/2020,$136.07,"10,192,030",$137.21,$137.25,$135.81
01/09/2020,$137.44,"9,470,746",$138.05,$138.23,$137.04
01/08/2020,$136.94,"9,697,731",$135.70,$137.58,$135.60
01/07/2020,$135.88,"10,576,910",$137.28,$137.86,$135.82
01/06/2020,$138.23,"10,266,520",$136.56,$138.27,$136.50
01/03/2020,$138.34,"10,387,520",$137.50,$139.23,$137.08
01/02/2020,$141.09,"10,811,020",$139.79,$141.10,$139.265
12/31/2019,$139.40,"7,201,834",$138.51,$139.48,$138.295
12/30/2019,$138.63,"6,963,342",$139.90,$140.08,$138.47
12/27/2019,$139.14,"7,868,575",$139.30,$139.77,$138.6697
12/26/2019,$139.04,"6,773,034",$137.89,$139.10,$137.78
12/24/2019,$137.58,"3,324,291",$137.33,$137.63,$137.0641
12/23/2019,$137.20,"9,738,524",$137.60,$137.91,$136.88
12/20/2019,$137.24,"29,993,960",$138.02,$138.88,$136.90
12/19/2019,$137.35,"9,351,045",$137.76,$138.22,$137.10
12/18/2019,$138.04,"10,382,140",$138.15,$139.02,$137.7151
12/17/2019,$138.18,"11,547,060",$137.73,$138.6687,$137.23
12/16/2019,$137.34,"11,372,790",$138.38,$138.84,$137.32
12/13/2019,$136.81,"10,594,950",$137.95,$138.83,$136.22
12/12/2019,$138.02,"13,725,740",$134.49,$138.47,$134.21
12/11/2019,$134.18,"9,012,476",$134.29,$135.02,$134.01
12/10/2019,$134.50,"7,533,000",$133.25,$134.77,$132.88
12/09/2019,$134.41,"8,576,380",$134.63,$135.46,$134.41
12/06/2019,$135.04,"10,171,250",$134.69,$135.78,$134.65
12/05/2019,$133.06,"9,587,878",$132.68,$133.31,$132.18
12/04/2019,$132.34,"10,319,310",$130.38,$132.47,$129.99
12/03/2019,$129.78,"10,649,450",$129.77,$129.96,$128.585
12/02/2019,$131.47,"8,622,886",$132.31,$132.74,$131.35
11/29/2019,$131.76,"5,712,035",$131.87,$132.41,$131.45
11/27/2019,$132.06,"6,609,027",$132.29,$132.43,$131.65
11/26/2019,$131.67,"10,493,860",$131.82,$131.82,$130.3573
11/25/2019,$131.49,"10,069,670",$131.25,$132.07,$130.865
11/22/2019,$130.79,"8,167,918",$130.15,$131.22,$130.10
11/21/2019,$129.93,"7,705,492",$130.00,$130.72,$129.39
11/20/2019,$129.63,"11,785,280",$130.30,$130.62,$128.94
